Fixed_Acidity,Volatile_Acidity,Citric_Acid,Residual_Sugar,Chlorides,Free_Sulfur_Dioxide,Total_Sulfur_Dioxide,Density,pH,Sulphates,Alcohol,Predicted_quality,Actual_Label,Predicted_Label,quality,Original_quality
-0.08,-0.74,-0.53,1.39,-0.5,2.74,0.94,0.28,-1.61,0.3,-0.06,0,Medium,Medium,0.2,0
0.01,-0.87,-0.01,0.55,0.05,0.11,1.75,0.56,0.55,0.54,-0.15,0,Medium,Medium,0.2,0
-0.92,1.8,-2.32,-0.87,-0.46,-0.38,-0.68,-0.22,0.55,-1.11,-0.99,0,Low,Medium,-2.15,-2
-1.2,0.36,-0.46,-0.31,-0.96,0.48,0.11,-1.08,-0.17,0.85,0.53,1,Medium,High,0.2,0
0.57,1.33,-1.87,-0.78,1.02,-1.29,-1.41,0.66,0.82,-0.32,-0.65,0,Medium,Medium,0.2,0
1.51,0.53,0.73,0.27,1.21,-0.31,-1.36,0.36,0.1,1.95,1.71,1,High,High,1.38,1
-0.36,1.2,-0.53,-0.68,-0.41,-0.99,0.72,-1.4,-0.04,0.62,2.05,0,Medium,Medium,0.2,0
1.13,-0.47,-0.01,-0.71,-1.06,-0.99,0.46,-1.27,-1.8,1.95,1.37,0,Medium,Medium,0.2,0
-0.46,-0.07,0.14,-0.59,0.01,0.6,1.9,-0.41,-0.49,0.62,-0.48,0,Medium,Medium,-0.97,-1
1.13,1.86,-0.08,-0.68,1.48,-1.17,-1.21,1.04,1.14,0.7,-0.32,0,Medium,Medium,0.2,0
2.54,-1.14,1.11,-0.75,-0.27,-0.44,0.26,0.56,-1.21,1.17,-0.82,0,Medium,Medium,-0.97,-1
-1.2,-0.74,-0.46,-0.82,-1.29,-0.56,-0.13,-0.7,0.95,0.46,-0.15,0,Medium,Medium,0.2,0
2.63,0.46,1.63,0.39,2.08,-1.48,-1.78,1.54,0.29,2.34,0.95,1,High,High,1.38,1
-0.64,-0.61,-0.61,-0.71,-0.27,-0.01,0.31,-1.25,-0.69,0.15,0.7,0,High,Medium,1.38,1
-0.18,-0.81,0.14,-0.85,0.19,0.3,0.37,-0.18,2.65,2.03,-0.23,0,Medium,Medium,0.2,0
-0.18,-0.27,0.06,0.18,-0.55,-0.86,-0.07,-0.47,-1.21,0.46,0.53,0,Medium,Medium,-0.97,-1
2.35,-0.27,1.11,-0.84,-0.59,2.89,1.97,0.04,-2,-0.48,-0.91,0,Medium,Medium,0.2,0
-0.74,-0.27,0.66,0.34,-0.59,0.78,0.94,0.36,-0.49,-0.64,-1.08,0,Medium,Medium,0.2,0
0.57,0.39,0.21,1.16,0.19,0.3,1.14,1.11,0.23,0.62,-0.32,0,Medium,Medium,-0.97,-1
-0.92,1.8,-1.42,-0.75,-0.09,-1.17,-0.73,-0.58,1.27,-0.32,-0.15,0,Low,Medium,-2.15,-2
0.76,2.6,-2.24,-0.73,1.11,-1.41,-1.54,0.85,1.08,0.15,-0.82,0,Medium,Medium,-0.97,-1
0.01,-0.47,0.06,2.61,-0.36,0.05,0.99,0.77,-0.36,-1.19,0.53,0,Medium,Medium,-0.97,-1
-1.39,-0.47,-2.32,1.21,-0.64,-1.05,-0.09,-0.41,1.4,-0.48,1.54,0,Medium,Medium,0.2,0
-0.18,-0.34,-0.53,-0.68,-0.83,1.15,0.09,-1.96,-1.61,-0.72,2.21,0,High,Medium,1.38,1
0.85,-0.21,1.33,1.02,-0.27,1.03,1.32,0.75,-0.56,-0.32,-0.48,0,Medium,Medium,-0.97,-1
0.48,-0.41,0.06,-0.89,-0.41,-0.44,-0.81,-0.7,-1.08,1.24,-0.06,0,Medium,Medium,-0.97,-1
-1.02,-0.47,-0.98,0.46,0.14,1.21,1.43,0.58,-0.1,-0.72,-1.33,0,Medium,Medium,-0.97,-1
-0.46,0.33,-1.2,-0.1,-0.36,-0.31,-0.7,-0.43,-0.75,-1.11,-0.32,0,Medium,Medium,0.2,0
-0.36,-1.47,0.21,0.88,-0.41,0.66,-0.05,0.68,1.27,-0.95,-1.08,0,High,Medium,1.38,1
-0.08,1.8,-1.42,-0.66,1.44,-1.05,-1.61,0.82,1.93,0.77,-0.32,0,High,Medium,1.38,1
-0.64,-0.21,-0.31,-0.15,0.14,-0.8,0.35,-0.65,0.03,-0.64,1.37,0,Medium,Medium,0.2,0
-0.08,-0.47,-0.38,1.35,-0.59,0.42,1.25,1.28,1.6,0.46,-0.23,0,High,Medium,1.38,1
0.95,-0.74,0.88,-0.82,-0.36,-0.13,0.24,-0.18,-0.04,-0.56,0.36,0,Medium,Medium,0.2,0
-1.02,0.6,-0.9,-0.71,1.07,-0.5,-1.27,0.33,1.08,2.03,-0.48,0,Medium,Medium,0.2,0
0.76,1.4,0.21,-0.59,1.11,-1.35,-1.82,-0.7,-0.17,1.56,2.13,0,High,Medium,2.56,3
-1.2,-0.87,-0.53,-0.85,-0.87,2.13,0.97,-1.39,2.39,0.3,1.46,1,High,High,1.38,1
-0.83,-0.61,0.29,-0.89,-0.64,-0.5,0.94,-1.11,-0.82,-0.32,0.02,0,Medium,Medium,0.2,0
-0.74,-0.87,-0.08,0.2,-0.83,0.3,0.66,0.76,1.6,-0.95,-1.75,0,Medium,Medium,0.2,0
-1.95,-0.41,0.66,-0.89,1.11,0.72,0.15,-0.81,0.62,-0.4,-0.4,0,Medium,Medium,0.2,0
0.11,-0.81,-0.01,1.28,-0.78,0.36,0.11,0.17,-0.69,-0.95,0.02,0,Medium,Medium,0.2,0
-0.18,-1.44,0.29,0.09,-0.18,0.36,-0.15,-0.14,0.62,-0.79,-0.32,0,Medium,Medium,0.2,0
-1.2,-1.01,-0.23,-0.87,-0.83,-1.29,-0.4,-1.21,-0.1,-0.01,0.53,0,Medium,Medium,0.2,0
-0.18,0.13,1.78,1.61,-0.64,-0.5,-0.09,0.92,-0.75,-1.81,-0.74,0,Medium,Medium,-0.97,-1
-0.36,2.3,-1.8,-0.61,1.71,-0.8,-0.62,0.54,0.82,0.15,-0.4,0,Medium,Medium,-0.97,-1
-0.92,-1.27,-0.46,-0.87,-0.23,0.42,1.05,-0.65,0.82,-0.48,-0.48,0,Medium,Medium,0.2,0
-0.55,0.33,-0.38,0.04,-0.46,0.17,-0.07,-1.3,-1.08,-0.17,1.46,1,High,High,1.38,1
-0.92,0.33,-1.28,-0.26,0.37,-0.19,-0.05,-0.31,-1.02,-1.42,-1.16,0,Low,Medium,-2.15,-2
-0.36,0.06,-0.01,2.65,-0.04,-0.62,0.55,1.45,-1.08,0.15,-1.24,0,Medium,Medium,-0.97,-1
0.01,2.26,-2.32,-0.64,1.44,-0.74,-1.63,1.21,1.4,0.15,-0.99,0,Medium,Medium,-0.97,-1
0.57,2.4,1.33,-0.75,2.91,-0.62,-0.07,0.9,-0.1,1.48,-1.08,0,Medium,Medium,-0.97,-1
-0.83,-0.54,-0.75,2.45,-0.59,-0.13,0.79,1.4,1.67,0.93,-0.82,0,Medium,Medium,0.2,0
-1.2,-0.21,-1.65,0.3,-0.46,0.36,0.4,-0.17,-0.49,-0.32,-0.74,0,Medium,Medium,-0.97,-1
0.11,2.63,-1.94,-0.09,1.57,-1.6,-1.93,0.68,1.21,-1.03,0.27,0,Medium,Medium,-0.97,-1
0.57,-0.34,0.58,0.9,-0.73,-1.35,0.02,-0.29,-1.08,-1.11,1.2,0,High,Medium,1.38,1
-0.55,0.26,-0.08,-0.66,-0.87,0.54,-0.16,-1.92,-0.04,0.07,2.47,1,High,High,1.38,1
0.48,-1.14,0.73,-0.73,-0.23,-0.19,0.64,-0.22,-0.17,0.07,-0.4,0,Medium,Medium,0.2,0
-0.08,1.06,1.33,0.13,0.37,-0.25,0.09,1.11,0.75,1.87,-0.06,0,Medium,Medium,-0.97,-1
-0.46,-0.67,0.44,0.81,-0.73,0.97,0.68,0.52,-0.17,-0.32,-0.99,0,Medium,Medium,0.2,0
-0.83,-0.87,-0.01,-0.94,-0.96,-0.5,-0.79,-1.42,0.1,-0.01,0.61,0,Medium,Medium,0.2,0
-0.74,-0.94,-0.16,-0.71,-1.38,0.17,-0.37,-1.89,-1.21,0.15,1.88,1,High,High,1.38,1
2.16,-0.34,-0.08,-0.8,-0.32,0.36,0.42,0.37,-0.75,-0.25,-1.08,0,Medium,Medium,-0.97,-1
-0.18,0.46,-1.28,-0.61,1.53,-0.56,-1.39,0.9,1.34,0.85,-0.74,0,Medium,Medium,0.2,0
-0.92,-0.07,-0.23,0.37,-1.43,-0.07,0.29,-0.87,-0.49,-1.27,0.74,0,High,Medium,1.38,1
-0.46,-0.87,0.51,0.67,0.01,-0.01,0.53,0.14,0.62,0.3,0.36,0,High,Medium,1.38,1
0.85,1.73,-1.94,-0.71,1.71,-1.11,-1.54,1.09,0.88,0.7,-0.48,0,Medium,Medium,-0.97,-1
1.23,-0.54,0.58,-0.71,-0.5,-1.6,-1.95,-0.16,0.29,1.48,1.62,1,High,High,1.38,1
-1.02,0.66,0.21,0.6,-0.32,-0.31,0.04,-0.75,-1.28,-1.19,0.36,0,Medium,Medium,0.2,0
0.11,-0.47,-0.53,0.46,-1.33,-0.68,0.26,-0.91,-0.56,-0.25,1.88,0,High,Medium,1.38,1
1.04,0.26,2.45,2.07,-0.41,-0.5,1.01,1.59,-1.54,2.19,-1.08,0,Medium,Medium,-0.97,-1
0.48,1,-0.01,1.02,-0.27,-1.48,1.43,1.02,-1.02,0.7,-0.99,0,Medium,Medium,-0.97,-1
0.11,0.8,-1.2,-0.71,1.21,-1.23,-1.61,0.64,0.42,-0.09,-0.57,0,Medium,Medium,0.2,0
-0.64,-0.01,-0.08,0.51,-0.5,0.72,0.96,-0.36,-0.04,-0.25,0.44,0,Medium,Medium,0.2,0
-0.46,-0.61,-0.53,0.83,-0.83,-0.31,0.35,0.54,0.68,0.54,-0.23,0,Medium,Medium,0.2,0
0.29,0.53,-0.53,-0.75,0.65,-0.74,-1.27,0.47,0.95,0.77,-0.15,0,Medium,Medium,-0.97,-1
-0.46,-0.54,0.06,0.13,-0.59,-0.93,-0.88,-0.96,-1.74,-0.01,0.44,0,Medium,Medium,0.2,0
0.01,0.66,-0.46,-0.52,-0.73,0.78,0.29,-1.63,-0.1,-0.4,2.38,1,Medium,High,0.2,0
-0.08,-0.01,-0.23,0.16,-0.87,0.54,1.62,-0.91,-0.36,0.93,1.62,0,Medium,Medium,0.2,0
-0.55,-1.01,-0.16,-0.78,-0.78,0.54,0.52,-0.57,1.73,-0.17,-0.06,0,Medium,Medium,0.2,0
2.26,1.6,-0.31,-0.64,1.39,-0.44,0.52,1.26,0.29,0.22,-0.99,0,Medium,Medium,-0.97,-1
0.11,-0.27,-0.83,0.62,-0.27,1.27,1.07,0.54,-0.43,-0.01,-0.91,0,Medium,Medium,-0.97,-1
-0.64,-0.74,0.06,1.63,0.65,1.64,0.77,1.76,2.45,-0.72,-1.33,0,Medium,Medium,0.2,0
-0.27,-0.74,0.06,0.2,0.1,0.6,0.66,-0.18,-0.17,0.38,0.19,0,Medium,Medium,0.2,0
-0.18,0.46,1.85,1.44,-0.41,0.6,0.48,1.15,-0.56,-0.48,-1.58,0,Medium,Medium,-0.97,-1
0.48,0.13,2.15,-0.57,0.97,-0.44,-1.32,0.81,1.01,2.11,0.44,0,Medium,Medium,0.2,0
-0.92,-0.61,-0.46,-0.8,-0.36,-0.38,-0.02,-0.79,1.08,0.54,0.27,0,Medium,Medium,0.2,0
-0.64,-0.67,0.29,-0.1,-0.59,0.78,0.57,-0.77,-0.3,-0.95,0.36,0,High,Medium,1.38,1
0.67,-0.67,-0.23,-0.07,-0.46,0.91,0.92,-0.54,-1.74,-0.95,0.78,0,Medium,Medium,-0.97,-1
0.2,1.2,-0.16,1.46,-0.83,1.88,1.98,0.91,-0.56,0.3,-0.91,0,Medium,Medium,0.2,0
-0.83,-1.01,-0.08,-0.94,-0.96,-0.44,-0.79,-1.43,0.03,-0.01,0.61,0,Medium,Medium,0.2,0
1.97,-1.27,0.44,-0.92,-0.83,0.36,-0.59,-1.05,-1.15,0.22,0.87,0,Medium,Medium,0.2,0
-1.02,0.06,-0.53,0.09,0.37,-0.44,0.18,0.29,0.16,-0.64,-1.33,0,High,Medium,1.38,1
1.13,-0.54,0.14,-0.59,0.05,-1.11,-0.81,-0.09,-2.19,-0.32,-0.91,0,Medium,Medium,-0.97,-1
0.48,2.7,-2.17,-0.59,0.88,-1.23,-1.87,0.39,1.86,1.48,0.95,0,High,Medium,1.38,1
-1.67,1.8,0.21,-0.85,-0.96,-1.66,-1.03,-2.06,0.29,-1.11,2.05,0,Medium,Medium,0.2,0
-0.18,-0.21,0.14,-0.22,-0.78,-0.25,0.72,-0.65,0.16,2.11,1.46,0,High,Medium,2.56,3
-0.64,-1.14,-0.23,-0.66,-0.46,0.17,-0.42,-1.04,0.55,-0.72,0.44,0,Medium,Medium,0.2,0
-1.3,0.19,0.21,-0.19,-1.19,-0.56,-0.72,-1.29,1.21,-0.56,1.12,1,Medium,High,0.2,0
-0.55,0.19,-0.01,1.99,0.05,-0.62,-0.05,0.41,-0.17,0.3,0.36,0,Medium,Medium,0.2,0
-0.74,-0.41,0.51,-0.96,-0.04,-1.41,0.44,-0.61,1.47,-0.17,-0.06,0,High,Medium,1.38,1
0.48,-0.27,2,2.91,-0.5,1.27,2,1.93,-0.43,1.09,-0.91,0,Medium,Medium,0.2,0
0.2,-0.47,-0.01,-0.8,-0.55,0.54,1.05,-0.9,-0.23,-0.09,0.7,0,Medium,Medium,0.2,0
-1.2,-0.47,-0.53,0.97,-0.36,1.52,0.66,0.64,0.55,-1.11,-0.99,0,Medium,Medium,-0.97,-1
-0.08,-0.14,0.29,-0.8,0.51,-1.05,0.06,-0.88,-0.04,-0.17,0.11,0,Medium,Medium,-0.97,-1
-0.64,-1.37,0.36,-0.85,-0.36,-0.5,-0.88,-1.49,-0.49,-0.17,0.95,1,High,High,1.38,1
1.88,-0.21,0.21,-0.71,0.56,-1.11,-1.67,0.31,0.23,2.5,0.95,1,High,High,1.38,1
0.67,1.8,-1.28,-0.61,1.57,-1.66,-1.85,1.15,1.27,0.62,0.19,0,Medium,Medium,0.2,0
-0.64,-1.01,-0.23,2.8,-0.23,1.4,0.42,1.05,0.16,-1.34,-0.06,0,Medium,Medium,0.2,0
1.13,-1.27,-0.38,-0.82,-0.13,1.58,1.34,0.11,-0.1,0.77,-0.91,0,Medium,Medium,0.2,0
-0.08,-1.34,0.44,1.82,-0.46,0.36,-0.2,0.54,-1.15,0.22,0.11,0,Medium,Medium,0.2,0
0.39,-0.47,0.51,0.16,-1.43,-0.44,0.17,-0.33,-0.62,0.77,0.44,0,Medium,Medium,0.2,0
0.01,-1.07,-0.01,-0.8,-0.69,-0.93,-0.24,-1.18,-0.56,-0.17,1.2,0,Medium,Medium,0.2,0
-0.18,-0.54,0.14,-0.89,-0.78,0.3,0.77,-1.25,-1.34,0.46,0.61,0,Medium,Medium,0.2,0
0.95,-1.41,0.51,-0.96,-0.83,0.36,-0.55,-1.45,-2.78,0.22,1.2,0,Medium,Medium,0.2,0
0.76,0.73,0.44,0.19,-0.87,-0.19,-0.42,-0.82,-0.43,0.15,1.71,1,High,High,1.38,1
0.39,2.83,-2.32,-0.73,1.48,-1.48,-1.91,0.87,0.75,-0.25,-0.74,0,Low,Medium,-2.15,-2
-0.64,-0.34,0.36,-0.87,0.05,-0.13,1.29,-0.79,0.55,-0.56,0.19,0,Medium,Medium,-0.97,-1
0.39,0.6,0.06,-0.54,0.7,-1.41,-1.67,0.71,0.1,-0.64,-0.15,0,Medium,Medium,-0.97,-1
0.95,1.63,-0.68,-0.68,1.16,-1.11,-0.94,0.86,0.42,-0.09,-1.16,0,Medium,Medium,-0.97,-1
-1.76,0.26,0.14,-0.89,-1.1,-1.05,-0.64,-1.47,0.95,-1.11,0.95,0,Medium,Medium,0.2,0
-0.64,1.6,-2.17,-0.75,0.7,-1.6,-1.93,0.97,1.54,1.24,-0.91,0,Medium,Medium,-0.97,-1
-0.08,-0.27,0.14,-0.96,-0.5,-0.62,0.02,-1.37,-0.1,-0.17,0.7,0,Medium,Medium,-0.97,-1
0.95,0.19,2.07,2,-0.04,1.82,0.33,1.63,-1.74,-1.03,-1.58,0,Medium,Medium,-0.97,-1
2.63,1.13,-0.53,-0.64,2.36,-1.48,-1.87,1.25,0.75,-0.01,-0.48,0,Low,Medium,-2.15,-2
0.39,1.66,-2.09,-0.22,1.3,-0.19,-1.28,0.58,-1.34,-0.4,-1.16,0,Medium,Medium,-0.97,-1
0.01,0.26,0.06,-0.85,-0.69,-0.19,0.18,-0.9,-0.23,0.77,1.2,0,Medium,Medium,-0.97,-1
-0.27,-0.21,0.29,-0.52,-0.64,-1.23,0.88,-1.11,-0.89,0.07,1.2,0,Medium,Medium,0.2,0
0.39,-0.01,-0.23,-0.03,-0.46,-0.56,0.72,-0.16,0.88,0.38,0.27,0,Medium,Medium,0.2,0
0.85,-0.01,0.06,-0.1,-0.5,0.05,1.18,-0.88,-2,1.72,1.37,0,Medium,Medium,0.2,0
-1.2,-0.27,0.14,-0.31,-1.06,-0.01,-0.51,-1.56,0.16,-0.79,1.46,1,Medium,High,0.2,0
0.39,0.46,-0.98,-0.8,1.25,-0.38,-1.06,0.79,0.75,0.46,-0.99,0,Medium,Medium,-0.97,-1
0.01,-0.67,0.58,-0.8,-0.92,-1.11,-0.94,-1.61,0.16,-0.95,1.79,0,High,Medium,1.38,1
-1.2,-0.27,-1.2,-0.92,-1.06,-1.11,-0.6,-1.61,0.49,-0.95,0.7,0,Medium,Medium,0.2,0
1.51,-0.27,1.55,-0.8,2.82,-1.11,-1.45,0.93,0.16,0.46,-0.91,0,Medium,Medium,-0.97,-1
0.01,-1.41,0.06,1.07,0.1,2.07,0.85,0.68,1.14,-0.87,-0.99,0,Medium,Medium,-0.97,-1
-0.55,-0.34,0.29,2.42,-0.46,1.52,1.45,1.25,0.03,-0.17,-0.82,0,Medium,Medium,0.2,0
1.41,-1.07,-0.23,-0.54,-0.23,0.48,0.63,-0.23,-0.82,0.3,0.19,0,Medium,Medium,0.2,0
0.95,-1.41,1.33,-0.89,-0.46,0.78,0.81,-0.32,-0.62,-0.32,-0.74,0,Medium,Medium,0.2,0
0.57,1.66,-1.57,-0.75,2.31,-0.13,-0.13,0.48,-0.95,-0.25,-0.65,0,Medium,Medium,0.2,0
-0.08,-0.67,0.36,0.48,-1.1,0.05,-0.22,-0.75,0.82,-0.4,1.29,1,High,High,2.56,3
-0.74,0.39,-1.13,-0.85,1.3,-1.17,-1.71,0.43,0.75,0.3,-1.08,0,Medium,Medium,-0.97,-1
-1.2,0.46,0.81,-0.15,-0.23,0.51,2.37,-0.22,0.16,0.38,-0.82,0,Medium,Medium,0.2,0
-0.83,-0.27,-0.61,1.72,-0.18,0.17,1.56,0.65,-0.75,0.3,-0.57,0,Medium,Medium,0.2,0
0.29,-1.34,0.58,-0.08,-0.46,0.36,0.39,0.25,0.88,0.3,-0.23,0,High,Medium,1.38,1
-0.18,-0.34,-0.23,1.67,-0.46,1.33,0.42,0.33,-1.28,0.3,-0.15,0,Medium,Medium,0.2,0
1.41,1.03,-0.16,-0.22,-1.19,-0.68,-0.27,-0.9,-1.41,-1.11,1.54,0,Medium,Medium,-0.97,-1
-0.92,0.33,1.18,-0.85,-0.04,1.76,1.73,-0.43,0.1,-0.17,-0.82,0,Medium,Medium,-0.97,-1
0.57,0.6,-0.01,0.97,-0.18,-0.5,1.93,0.93,-1.08,0.7,-1.16,0,Medium,Medium,0.2,0
-0.92,0.06,1.11,-0.08,-1.06,-0.56,-0.4,-1.18,0.42,0.77,1.46,1,Medium,High,0.2,0
0.57,-1.01,-0.08,-0.89,-0.27,1.15,1.53,-0.06,-1.28,-1.11,-1.08,0,Medium,Medium,-0.97,-1
-0.08,0.8,0.21,-0.54,1.39,-0.86,-0.81,1.33,2.12,0.62,-0.91,0,Medium,Medium,-0.97,-1
-0.18,0.53,0.14,-0.66,1.34,-0.5,-1.47,0.21,1.21,1.79,0.44,0,Medium,Medium,0.2,0
0.2,-0.74,0.73,2.42,-0.09,1.52,1.38,2.04,0.62,0.54,-1.41,0,Medium,Medium,0.2,0
-0.08,2.7,-1.94,-0.71,1.34,-1.05,-1.14,0.82,1.08,0.38,-0.65,0,Medium,Medium,-0.97,-1
0.48,-0.14,-0.53,-0.75,-0.69,0.54,0.63,-1.08,-1.15,-0.64,1.03,0,High,Medium,1.38,1
1.97,-0.41,0.21,1.28,-0.41,1.15,2.06,1.11,-1.21,-0.87,-0.15,0,Medium,Medium,0.2,0
0.85,-0.87,-0.08,0.72,-0.69,0.72,0.26,-0.18,-0.82,1.17,1.03,0,Medium,Medium,0.2,0
-0.46,-0.54,0.29,2.09,0.79,0.72,0.86,1.68,2.19,-0.4,-0.65,0,Medium,Medium,-0.97,-1
-0.46,-0.41,1.33,0.65,-0.13,1.95,1.86,0.57,-0.36,-0.56,-0.99,0,Medium,Medium,0.2,0
-0.74,-0.67,-0.08,-0.75,-0.87,-0.86,-0.46,-1.33,0.36,-0.95,1.03,0,Medium,Medium,0.2,0
0.29,-0.14,-0.38,0.83,-0.18,1.03,1.65,0.75,0.23,-1.27,-1.24,0,Medium,Medium,-0.97,-1
-0.64,-0.71,1.25,-0.66,2.91,-0.07,-0.22,-0.9,0.1,0.46,1.29,0,Medium,Medium,0.2,0
-1.11,2.13,-0.61,-0.01,-0.78,-0.62,0.22,-1.48,1.54,-0.32,1.88,1,Medium,High,0.2,0
-0.83,0.19,-0.53,-0.66,1.99,-0.68,-1.36,0.11,2.26,0.38,0.95,0,Medium,Medium,0.2,0
0.57,-0.61,-0.01,-0.87,-0.23,0.17,-0.18,-0.47,-0.04,0.22,0.19,0,Medium,Medium,0.2,0
0.39,2.53,-2.32,-0.8,1.85,-0.5,-1.56,0.73,1.01,0.46,-0.48,0,Medium,Medium,0.2,0
-0.08,2.36,-2.32,-0.73,0.7,0.6,-0.97,1.29,2.45,2.26,-0.57,0,Medium,Medium,-0.97,-1
1.69,1.56,0.21,-0.47,1.9,-0.86,-0.07,1.97,1.01,0.7,-0.91,0,Medium,Medium,-0.97,-1
-0.92,0.13,-0.53,-0.64,-0.83,-0.31,0.31,-1.33,0.75,0.54,1.2,1,High,High,1.38,1
2.35,0.33,-0.01,-0.59,2.04,-0.86,-1.23,1.4,-0.23,1.4,-0.48,0,High,Medium,1.38,1
0.01,-0.81,-0.01,-0.29,-1.43,0.6,0.48,-0.77,-0.36,-1.03,0.19,0,High,Medium,1.38,1
0.95,-0.94,0.66,-0.96,-0.69,2.62,1.18,-0.61,-1.08,-1.42,-0.48,0,Medium,Medium,0.2,0
1.23,-1.07,-0.01,0.09,0.01,1.03,0.63,0.36,0.1,-1.11,-0.65,0,Medium,Medium,-0.97,-1
-1.3,-1.14,-0.38,0.3,-0.41,-0.13,-0.05,-0.25,-1.08,0.46,-0.57,0,Medium,Medium,0.2,0
0.85,0.06,-0.46,0.32,-0.78,0.48,-0.24,-1.01,-2.06,-2.28,1.37,1,Medium,High,0.2,0
-2.04,0.03,-1.28,-0.87,-0.73,2.37,0.96,-0.78,1.6,-0.48,-0.09,0,Medium,Medium,-0.97,-1
-0.46,-0.47,-0.31,1.58,-0.18,-0.13,-0.07,0.63,-2.33,-0.25,-0.74,0,Medium,Medium,0.2,0
-0.55,-0.74,-0.01,-0.26,-0.27,-0.8,-0.18,-1.19,-0.49,-1.66,0.78,0,Medium,Medium,-0.97,-1
-0.83,-0.01,-0.31,-0.03,-0.73,-0.01,0.33,-0.57,-0.17,-0.79,-0.15,0,High,Medium,1.38,1
-1.3,-0.34,-0.23,-0.66,-1.52,-0.93,-0.94,-1.47,-1.08,-0.01,0.53,0,Medium,Medium,0.2,0
1.51,2.4,-2.32,-0.43,1.48,-1.05,-1.52,1.76,0.88,-0.56,-0.99,0,Medium,Medium,-0.97,-1
0.2,2.26,-2.17,-0.66,0.93,0.05,-0.44,0.49,0.62,1.24,0.44,0,Medium,Medium,0.2,0
-0.27,0.66,-0.38,0.04,-0.41,0.6,1.1,-1.13,-0.36,-0.87,1.46,0,Medium,Medium,0.2,0
0.2,-0.47,-0.08,1,-0.09,0.3,0.7,0.54,-0.1,-0.17,-0.15,0,Medium,Medium,0.2,0
-0.27,-0.54,-0.98,-0.85,0.19,-1.05,0.39,-0.29,-0.75,-0.79,-0.91,0,Medium,Medium,-0.97,-1
0.85,-1.01,1.33,-0.75,0.42,-1.23,0.53,-0.04,0.03,-0.32,-0.48,0,Medium,Medium,-0.97,-1
-2.14,-0.81,-0.75,1.21,-0.69,-0.8,-0.07,-0.38,2.84,-0.32,1.37,0,High,Medium,1.38,1
0.39,0.33,0.14,0.97,-0.41,-0.68,0,0.05,-0.95,-0.79,0.7,0,Medium,Medium,0.2,0
1.04,0.33,0.06,-0.59,1.3,-0.38,-0.83,0.69,0.29,2.58,0.36,0,Medium,Medium,0.2,0
0.2,-1.07,0.36,0.74,-1.1,0.85,-0.09,-0.57,-0.56,-0.87,1.54,1,Medium,High,0.2,0
-0.18,0.46,-0.08,1.3,-0.87,-0.38,-0.53,-0.59,-0.49,-0.56,1.88,1,Medium,High,0.2,0
-0.55,-0.74,-0.31,-0.8,-0.59,0.36,0,-0.9,1.01,0.38,0.36,1,High,High,1.38,1
0.85,-0.54,1.33,-0.89,0.42,-0.19,0.02,-0.18,-0.95,-1.42,-0.99,0,Medium,Medium,-0.97,-1
-0.08,-0.14,1.55,-0.78,-1.06,-1.54,-1.01,-0.9,-1.02,-0.72,-0.15,0,Medium,Medium,-0.97,-1
2.16,-1.14,-0.61,-0.8,-0.46,-0.99,-0.9,-0.04,-1.02,-1.58,-0.91,0,Medium,Medium,-0.97,-1
1.41,0.6,0.58,-0.75,0.74,-1.48,-1.91,0.31,0.82,1.32,0.95,0,High,Medium,2.56,3
-1.58,0.29,0.66,-0.4,0.1,-0.07,0.57,0.19,1.27,-0.01,-1.24,0,Medium,Medium,-0.97,-1
-0.08,-0.74,-0.16,0.9,-0.09,-0.38,-0.48,0.45,0.42,-0.48,-0.65,0,Medium,Medium,0.2,0
-0.08,0.19,-0.75,-0.64,1.57,-0.62,-0.94,0.46,1.14,0.15,-0.4,0,Medium,Medium,0.2,0
0.57,-0.54,0.88,-0.12,0.47,-0.62,-0.02,0.82,1.01,-0.17,-0.57,0,Medium,Medium,0.2,0
-0.08,0.19,-0.08,-0.01,-0.55,0.6,0.5,-0.92,0.68,-0.79,1.37,0,High,Medium,1.38,1
-1.48,-0.34,-0.75,-0.8,-0.92,-0.44,-0.57,-1.44,1.27,-0.79,1.62,0,Medium,Medium,-0.97,-1
0.85,1.8,-0.68,-0.68,1.3,-0.31,-0.2,0.66,0.49,-0.25,-0.57,0,Medium,Medium,-0.97,-1
-0.36,0.53,-0.31,-0.57,-0.87,-0.31,-0.57,-1.23,-1.15,-1.42,0.95,0,Medium,Medium,0.2,0
-0.27,0.06,2.82,-0.87,0.28,-1.11,1.01,-0.43,-1.08,-0.4,-0.74,0,Medium,Medium,-0.97,-1
-0.18,-1.21,-0.23,-0.15,-1.06,-0.99,-0.16,-0.3,0.1,-0.48,-0.15,0,High,Medium,2.56,3
0.29,-0.01,0.96,0.6,-0.09,0.6,2.04,0.89,-0.69,-0.01,-1.33,0,Medium,Medium,-0.97,-1
0.29,-1.01,-0.31,-0.87,-0.18,-0.25,-0.2,-0.11,1.93,1.09,0.02,0,Medium,Medium,0.2,0
0.29,-0.21,0.06,-0.78,-1.01,-0.44,0.22,-0.5,-0.36,1.09,0.27,0,Medium,Medium,-0.97,-1
-0.46,-0.87,0.06,-0.92,-0.59,-0.31,-0.7,-0.61,1.08,0.15,-0.32,0,High,Medium,1.38,1
-0.36,-0.87,-0.53,0.34,-0.36,-0.13,-0.29,-0.29,-0.69,-1.5,-0.32,0,Medium,Medium,0.2,0
-0.55,0.13,0.36,-0.99,-0.83,0.11,-0.09,-1.75,-0.75,-0.17,1.29,0,High,Medium,2.56,3
-0.74,-1.01,-0.53,-0.38,0.05,-0.62,0.06,-0.2,-0.75,-0.01,-1.16,0,Medium,Medium,0.2,0
-0.74,0.39,-0.68,-0.52,-0.18,1.4,1.05,-0.45,0.1,-0.56,-0.65,0,Medium,Medium,-0.97,-1
0.57,1.06,-0.38,-0.73,0.47,-1.29,-1.56,0.82,1.08,0.93,-0.82,0,Medium,Medium,-0.97,-1
2.72,2.4,-1.5,-0.85,1.48,-1.35,-1.69,0.53,-2.26,-0.4,-0.74,0,Medium,Medium,-0.97,-1
0.85,-0.27,-0.16,1.91,-0.27,-0.25,-0.05,1.43,0.16,-1.19,-0.74,0,Medium,Medium,0.2,0
0.29,0.06,-0.08,2.3,-0.69,2.43,0.97,0.96,0.16,-1.19,-0.15,0,Medium,Medium,0.2,0
-0.36,0.53,-0.53,0.09,-0.78,0.17,-0.02,-1.51,-0.69,-0.64,1.96,1,High,High,1.38,1
-1.39,0.86,-0.53,-0.05,-0.46,-0.38,-0.81,-1.25,0.42,-1.19,1.71,1,Medium,High,0.2,0
-1.2,1.8,-2.32,-0.87,-0.36,2.56,1.49,-0.82,2.19,-0.72,0.27,0,Medium,Medium,-0.97,-1
0.95,-0.14,0.36,0.74,-1.1,-0.07,0.48,-0.65,-1.41,-1.42,2.05,1,High,High,1.38,1
-0.92,-1.21,0.29,2.51,-0.46,1.52,0.77,0.76,0.1,-1.19,0.02,0,Medium,Medium,-0.97,-1
-0.36,2.46,-1.72,-0.3,0.7,-1.35,-1.84,-0.34,1.34,-0.01,1.71,0,Medium,Medium,-0.97,-1
-0.46,-1.14,0.36,-0.92,-0.96,-0.19,-0.42,-1.96,0.03,-1.42,2.21,0,High,Medium,2.56,3
0.2,-1.34,-0.31,-0.1,1.3,0.24,1.03,-0.18,0.03,-1.03,0.44,0,High,Medium,1.38,1
-2.14,-0.01,-2.32,0.34,-1.1,0.24,0.86,-0.22,0.82,0.7,-0.57,0,Medium,Medium,-0.97,-1
-0.27,-1.01,0.29,0.09,0.1,1.4,0.5,-0.51,-0.82,0.15,0.36,0,High,Medium,1.38,1
1.97,-0.94,0.81,-0.71,-0.23,-0.86,-0.22,0.31,-0.89,1.09,-0.48,0,Low,Medium,-2.15,-2
-0.08,0.93,-1.8,-0.92,-0.78,-0.8,0.64,-1.18,-1.34,-1.42,-0.06,0,Medium,Medium,-0.97,-1
-0.92,-0.41,-0.01,-0.82,-0.78,-0.8,-0.6,-1.27,0.62,-0.64,0.44,0,High,Medium,1.38,1
-1.48,-1.14,-0.38,-0.82,-0.92,0.3,-0.29,-1.27,1.34,1.95,1.2,1,Medium,High,0.2,0
0.48,-0.14,-0.61,1.79,0.1,-0.62,0.42,1.45,-0.43,-0.17,-0.74,0,Low,Medium,-2.15,-2
0.48,-0.27,1.33,1.07,-1.01,0.91,1.49,-0.18,-0.62,-1.11,1.46,1,High,High,1.38,1
1.04,-0.01,0.06,-0.52,0.7,-1.6,-1.91,0.15,0.49,1.87,1.88,1,High,High,1.38,1
0.85,2.63,-0.53,-0.52,1.44,-1.23,-0.99,0.91,0.82,0.3,-0.48,0,Medium,Medium,0.2,0
0.2,-0.21,0.14,-0.64,-0.41,-0.13,0.17,-1.24,0.75,-0.64,1.71,0,High,Medium,1.38,1
-0.55,-0.67,0.51,-0.87,-0.92,-0.07,-0.07,-0.47,0.42,0.15,-0.74,0,Medium,Medium,-0.97,-1
-1.67,-0.14,0.51,1.28,-0.96,1.4,0.44,-0.39,0.75,-0.48,0.95,1,Medium,High,0.2,0
0.29,-0.94,-0.08,1.81,0.05,1.12,2.08,1.54,-0.56,-0.25,-1.24,0,High,Medium,1.38,1
-0.46,2.2,-2.32,-0.47,2.91,-0.56,-1.56,0.71,1.47,0.85,-0.23,0,Medium,Medium,-0.97,-1
0.57,-0.47,1.48,-0.57,-0.32,-0.25,0.79,-1.09,-1.47,-0.17,0.53,0,Medium,Medium,0.2,0
-0.55,0.66,-0.01,-0.33,-0.27,-0.68,0.5,-1.46,-0.49,-1.42,1.2,1,High,High,2.56,3
-0.55,-0.27,-0.01,-0.78,-0.78,-0.38,-0.68,-1.35,0.29,1.32,0.7,0,High,Medium,1.38,1
-0.46,0.13,0.29,0.23,0.51,0.05,0.63,0.38,-0.82,-0.4,-0.99,0,Medium,Medium,0.2,0
1.04,-0.67,0.66,0.58,-0.13,-1.11,-0.73,0.82,-1.08,2.5,-0.74,0,Medium,Medium,0.2,0
2.91,0.06,1.25,-0.68,0.01,-1.54,-1.96,0.1,-0.17,1.32,1.29,1,High,High,1.38,1
-1.86,0.39,-0.75,-0.78,-1.15,-0.93,-0.81,-1.76,1.8,-0.56,1.62,1,Medium,High,0.2,0
0.85,-0.21,-0.23,0.16,-0.36,0.05,0.15,0.18,-0.43,-0.09,-0.32,0,Medium,Medium,0.2,0
-1.2,-0.87,0.21,-0.94,-0.78,0.6,-0.55,-1.57,1.8,-0.79,0.95,0,Medium,Medium,-0.97,-1
0.29,0.19,-0.61,-0.73,-1.61,0.05,-0.86,-1.83,-1.93,-1.27,1.62,0,Medium,Medium,0.2,0
-0.18,-0.74,0.06,0.18,-0.5,-0.62,0.06,-0.48,-0.36,0.22,0.53,0,Medium,Medium,0.2,0
1.23,-0.21,-0.46,2.97,-0.23,-0.31,1.87,2.1,-1.61,1.09,-1.24,0,Medium,Medium,-0.97,-1
0.39,0.6,-0.83,-0.85,0.37,-0.93,0.96,0.04,-1.08,-0.95,-0.99,0,Medium,Medium,0.2,0
0.57,0.39,-0.23,-0.03,-0.78,0.36,-0.13,-0.9,-0.23,0.46,1.37,1,High,High,1.38,1
0.2,-0.07,-0.16,-0.82,-0.64,0.11,0.52,-0.48,-0.17,0.22,0.19,0,Medium,Medium,-0.97,-1
0.29,-0.47,-0.08,0.67,-0.13,0.48,0.75,0.72,-0.62,-0.32,-1.41,0,Medium,Medium,0.2,0
0.01,-0.34,1.33,0.34,-0.5,-0.13,-0.09,-0.61,1.21,0.46,1.37,1,High,High,2.56,3
-0.64,-0.54,0.44,-0.12,-0.59,0.66,0.57,-0.79,-0.3,-0.95,0.44,0,High,Medium,1.38,1
0.11,0.06,-0.83,0.18,0.47,1.33,1.6,0.11,-0.36,-0.64,-0.65,0,Medium,Medium,0.2,0
0.48,0.39,1.11,1.56,1.48,1.52,0.99,1.23,-2.06,-0.09,-1.33,0,Medium,Medium,-0.97,-1
0.85,-0.41,1.92,1.25,0.05,-0.74,0.33,1.08,-0.69,1.24,-1.33,0,Medium,Medium,-0.97,-1
-1.95,-0.14,-2.32,0.32,-0.27,0.78,0.92,-0.11,0.49,0.85,-0.57,0,Medium,Medium,0.2,0
2.26,3,-0.68,-0.73,1.16,-1.48,-1.54,1.61,0.23,0.3,0.02,0,Medium,Medium,0.2,0
-1.39,-0.87,0.36,-0.59,-0.18,-0.86,0.17,-0.53,1.73,-0.25,-0.48,0,Medium,Medium,0.2,0
0.67,-0.27,0.14,0.87,-0.78,0.17,1.19,0.68,-0.75,-0.48,0.11,0,Medium,Medium,-0.97,-1
-0.18,-1.21,-0.16,-0.64,-0.87,-0.99,-0.62,-1.07,-0.82,0.46,0.53,0,High,Medium,1.38,1
-0.46,-0.27,-0.16,-0.75,-0.73,0.48,-0.26,-2.19,-0.95,-0.79,2.64,0,High,Medium,1.38,1
0.11,1.46,-1.65,-0.82,2.59,-0.86,0.64,-0.18,-1.02,0.38,-1.16,0,Low,Medium,-2.15,-2
1.97,1.66,-0.83,-0.47,1.34,-0.93,-0.02,1.33,0.03,0.54,-0.91,0,Medium,Medium,-0.97,-1
-0.55,-0.21,0.06,-0.71,-0.36,0.24,-0.48,-0.88,0.95,1.24,0.36,0,High,Medium,1.38,1
1.69,-0.47,0.14,0.72,-1.29,1.03,1.58,0.46,-0.62,-0.48,0.19,0,Medium,Medium,0.2,0
-0.46,-1.07,0.29,-0.57,-1.01,0.17,-0.7,-1.02,-0.04,1.56,0.61,0,Medium,Medium,0.2,0
1.13,3,-1.57,-0.57,1.34,0.91,-0.53,1.43,1.67,0.07,-0.48,0,Medium,Medium,-0.97,-1
-0.55,-0.74,-0.23,-0.31,0.33,-0.07,0.64,-0.91,0.03,-0.87,1.29,0,High,Medium,1.38,1
-0.27,1.26,0.06,1.91,-0.36,1.46,1.93,1.04,0.29,-0.17,-0.82,0,Medium,Medium,0.2,0
-0.74,0.19,1.4,0.76,0.05,1.27,1.58,0.43,-0.17,-0.09,-0.82,0,Medium,Medium,0.2,0
-0.83,-0.81,-0.16,-0.8,-0.59,-0.38,-0.44,-1.13,0.29,-0.17,0.53,0,Medium,Medium,0.2,0
-2.14,-0.71,0.51,-0.89,1.02,1.03,0.26,-1.07,0.55,-0.95,-0.23,0,Medium,Medium,0.2,0
0.11,-0.07,0.36,-0.71,-0.87,0.42,-0.04,-1.33,-0.82,1.48,1.46,1,High,High,1.38,1
-0.64,-0.14,-0.31,0.55,-0.13,1.09,0.97,-0.38,0.29,-0.56,0.44,0,Medium,Medium,0.2,0
-1.02,-1.54,-0.53,-0.92,-0.5,-0.93,-0.94,-0.57,2.52,0.7,-0.23,0,High,Medium,1.38,1
-0.74,-0.27,-0.61,2.14,-0.69,-0.38,-0.31,0.35,-0.95,-1.11,0.02,0,Medium,Medium,0.2,0
0.01,2.33,-1.8,-0.73,1.07,-0.86,-1.19,0.91,1.01,-0.01,-0.91,0,Medium,Medium,-0.97,-1
-0.55,-0.21,-0.31,-0.24,-0.64,0.42,-0.35,-1.45,-0.17,0.62,1.71,1,High,High,2.56,3
1.79,0.46,0.73,-0.71,0.28,-0.93,-1.39,-0.06,-0.04,0.62,1.37,0,Medium,Medium,0.2,0
0.2,1.2,-0.38,-0.4,1.76,-1.41,0.35,0.04,-1.41,-0.01,-1.5,0,Medium,Medium,-0.97,-1
-0.18,0.53,-0.01,-0.71,1.25,-0.56,-1.19,0.85,1.6,0.22,-0.91,0,Medium,Medium,0.2,0
0.11,0.13,-0.46,0.13,-0.92,-0.44,0.07,-0.34,-1.93,1.09,-0.23,1,High,High,1.38,1
-0.83,-0.14,-0.38,-0.05,-0.69,0.36,0.59,-0.54,-0.1,-0.87,-0.15,0,Medium,Medium,0.2,0
-0.64,-0.61,-0.38,0.74,0.1,1.03,1.21,0.39,-0.69,-0.17,-0.91,0,Medium,Medium,-0.97,-1
-1.11,1,-0.08,-0.82,-0.69,-0.68,-0.7,-1.34,1.6,-0.79,1.12,0,High,Medium,1.38,1
0.11,-0.67,1.11,0.32,-0.73,-0.8,-0.57,-0.54,-0.82,2.03,0.95,0,Medium,Medium,0.2,0
-0.55,-0.54,0.29,1.63,0.14,1.03,1.16,1.33,2.32,-0.4,-0.48,0,Medium,Medium,-0.97,-1
0.76,-0.54,0.21,1.49,-0.55,1.4,1.58,1,-0.75,0.38,-0.82,0,Medium,Medium,0.2,0
-0.55,-0.87,-0.01,-0.68,-0.87,0.11,-0.38,-1.74,-1.74,0.7,1.2,0,Medium,Medium,0.2,0
0.76,-0.27,0.58,0.39,-0.73,-1.48,0.02,-0.18,-0.69,-0.79,0.11,0,Medium,Medium,-0.97,-1
-1.02,1.4,-1.87,-0.75,-0.09,0.48,-0.49,-0.7,0.49,-0.17,-0.02,0,Medium,Medium,0.2,0
0.95,-0.34,1.33,-0.94,-0.55,0.11,0.59,-0.25,-0.62,-0.87,-0.48,0,Medium,Medium,0.2,0
1.97,1.33,-0.53,-0.57,1.21,-0.13,0.42,1.28,-0.1,0.38,-0.91,0,Medium,Medium,-0.97,-1
-0.92,2.57,-1.57,-0.57,0.05,-1.05,-1.63,-0.24,2.26,-0.17,1.12,0,Medium,Medium,-0.97,-1
0.2,0.39,0.44,-0.92,-0.41,0.36,-0.05,-1.18,1.08,-0.32,1.79,0,High,Medium,2.56,3
-0.08,-0.74,0.14,-0.68,0.01,-0.93,-0.73,-0.47,-0.17,-0.87,0.02,0,Medium,Medium,0.2,0
0.2,-0.94,-0.53,0.3,0.1,0.24,2.11,0.75,0.88,0.15,-0.48,0,Medium,Medium,0.2,0
0.67,-0.54,0.73,-0.31,-0.46,0.42,0.61,0.39,0.88,-0.56,-0.48,0,Medium,Medium,0.2,0
0.2,-0.27,-0.08,1.86,-0.41,0.97,2.24,1.54,-1.08,-0.87,-1.58,0,Medium,Medium,0.2,0
-0.92,1,-1.65,-0.78,1.21,-0.74,-1.58,-0.1,1.47,0.15,0.53,0,Medium,Medium,0.2,0
0.11,1.7,-0.83,1.25,1.57,-0.8,-0.4,0.9,-0.62,-0.95,-0.99,0,Medium,Medium,-0.97,-1
0.39,-0.67,-0.08,-0.89,-1.01,-0.19,-0.66,-0.85,-1.15,1.24,-0.06,0,Medium,Medium,-0.97,-1
0.76,0.09,1.48,2.4,-0.23,1.46,1.01,1.58,-0.89,-0.09,-1.24,0,Medium,Medium,-0.97,-1
1.23,-0.67,1.33,0.65,-0.78,-0.5,-0.38,-0.29,-1.21,-1.42,1.2,0,Medium,Medium,0.2,0
-1.02,0.53,-0.75,-0.73,-0.09,-0.07,0.11,-0.54,1.27,-0.01,-0.06,0,Medium,Medium,0.2,0
0.67,-1.07,1.4,-0.87,-0.32,0.3,0.44,-1.4,-0.43,-0.95,1.2,0,Medium,Medium,0.2,0
1.04,0.06,-0.16,0.04,1.11,-0.68,-0.44,-1.05,-1.8,-1.03,1.62,0,Medium,Medium,0.2,0
-0.64,-0.81,1.4,1.53,-0.46,0.91,0.68,1.04,-0.49,-0.72,-1.5,0,Medium,Medium,-0.97,-1
0.01,-0.87,0.29,-0.43,-0.83,-0.56,-0.16,-0.84,-0.75,0.15,0.44,0,Medium,Medium,0.2,0
-0.74,-0.94,-0.23,-0.75,-1.38,-0.13,0.77,-1.29,-0.17,0.93,0.7,0,Medium,Medium,0.2,0
-0.36,-0.34,0.21,0.9,-0.18,0.11,-0.09,0.09,0.16,0.15,0.36,0,High,Medium,1.38,1
-0.74,2.33,-2.24,-0.31,2.36,0.11,-1.14,0.56,1.86,1.09,0.61,0,Medium,Medium,0.2,0
-0.64,-0.47,1.33,0.32,-0.69,0.42,0.83,0.39,1.01,0.07,-0.74,0,Medium,Medium,0.2,0
0.2,-1.07,-0.61,0.3,-0.04,0.3,2.28,0.72,0.88,0.15,-0.48,0,Medium,Medium,0.2,0
-0.36,-0.21,-0.16,-0.52,-1.24,0.42,-0.16,-0.97,0.55,0.85,0.61,1,High,High,1.38,1
2.91,1.06,2.37,-0.5,0.93,-1.23,-1.65,0.9,-0.43,2.03,1.62,1,High,High,1.38,1
-1.02,-0.47,-0.53,-0.87,0.05,2.19,0.63,-0.68,-0.1,0.77,-0.15,0,Medium,Medium,0.2,0
0.39,0.33,1.85,1.09,0.14,-0.93,0.99,0.63,-0.62,1.01,-0.57,0,Medium,Medium,0.2,0
-0.36,-0.47,1.33,0.76,-0.23,1.46,1.38,0.39,0.03,-0.95,-0.23,0,Medium,Medium,0.2,0
0.11,-0.94,-0.01,-0.85,-0.27,0.42,0.35,-0.14,0.75,0.38,-0.32,0,High,Medium,1.38,1
-1.3,-0.54,-0.31,1.51,-0.55,-0.38,0.07,-0.07,0.68,-1.66,0.19,0,Medium,Medium,0.2,0
-0.46,0.73,-1.2,-0.68,1.11,-0.5,-1.16,0.5,0.62,0.77,-1.08,0,Medium,Medium,-0.97,-1
0.67,-0.27,-0.68,1.04,0.19,0.85,1.78,1.02,-0.95,0.7,-1.08,0,Medium,Medium,0.2,0
0.57,2.4,-0.68,-0.73,1.48,-0.74,-0.4,0.64,0.55,-0.32,-0.91,0,Medium,Medium,-0.97,-1
-0.08,-1.21,-0.16,2.65,0.28,0.91,-0.11,1.25,-0.49,-1.19,-0.74,0,Medium,Medium,0.2,0
-0.08,-0.61,1.48,1.39,-1.06,1.52,2.04,0.79,-1.28,0.7,-0.91,0,Medium,Medium,-0.97,-1
0.48,-0.94,0.73,-0.92,-0.55,0.48,0.5,-1.29,-2,-0.79,0.7,0,Medium,Medium,-0.97,-1
1.04,-0.74,-0.08,-0.75,-0.23,1.03,1.27,-0.36,-0.62,-0.17,-0.32,0,Medium,Medium,0.2,0
-1.3,-0.14,-0.16,0.53,-0.09,0.17,0.5,-0.35,0.55,-0.17,0.42,0,Medium,Medium,0.2,0
0.76,0.26,-0.08,-0.54,-1.06,2.07,0.77,-0.97,-0.69,0.54,1.2,1,High,High,1.38,1
-0.27,-0.61,0.14,-0.43,-0.13,2.31,0.83,-0.38,-0.82,1.32,-0.32,0,Medium,Medium,0.2,0
-1.2,-0.61,-0.23,-0.85,-0.64,0.6,-0.73,-2.58,-0.82,-1.81,2.81,0,High,Medium,1.38,1
1.51,2.3,-1.57,-0.8,1.76,-1.6,-1.93,1.13,0.55,1.01,-0.86,0,Medium,Medium,-0.97,-1
-0.83,-0.67,0.36,2.84,-0.59,0.42,0.26,1.85,0.03,-0.72,-1.5,0,Medium,Medium,0.2,0
-1.02,-0.54,-0.23,0.62,0.05,0.42,0.29,0.21,-1.08,-0.17,-0.99,0,Medium,Medium,0.2,0
-0.27,-0.81,2.3,0.32,-0.5,-1.41,-0.05,-0.26,-1.74,0.54,-0.32,0,Medium,Medium,-0.97,-1
1.6,0.06,0.14,1.09,-0.73,0.97,1.03,0.82,-0.95,-0.95,-0.32,0,Medium,Medium,-0.97,-1
0.39,1.33,-1.87,-0.57,1.57,-0.62,-1.32,0.79,1.01,0.54,0.11,0,Medium,Medium,0.2,0
0.2,-0.67,-0.31,-0.57,-0.78,0.54,0.07,-1.05,-1.21,0.54,0.61,0,High,Medium,1.38,1
1.51,-0.74,0.81,-0.64,0.05,-0.19,-0.04,-0.11,-1.54,-0.72,-0.48,0,Medium,Medium,-0.97,-1
1.79,-0.57,0.51,0.2,-0.32,1.33,0.79,0.25,-1.93,-1.34,-0.32,0,Medium,Medium,0.2,0
0.2,-0.34,0.36,1.79,-0.55,0.48,0.44,1.33,0.49,2.11,-0.82,0,Medium,Medium,0.2,0
-0.46,-1.14,0.06,-0.85,-0.78,1.15,1.29,-1.33,0.82,0.93,1.54,0,High,Medium,2.56,3
1.79,0.8,1.33,-0.57,1.48,-0.56,-0.75,1.58,0.82,0.38,-0.74,0,Medium,Medium,-0.97,-1
0.2,0.06,-0.68,-0.85,-0.36,0.78,1.1,-0.52,-0.56,-0.48,-0.57,0,Medium,Medium,-0.97,-1
2.72,0.86,0.96,-0.5,0.61,-1.6,-1.98,0.87,0.68,0.77,1.37,1,Medium,High,0.2,0
0.01,-1.14,-0.46,-0.87,-0.83,-0.13,0.13,-1,0.29,0.22,0.7,0,Medium,Medium,0.2,0
-0.83,-0.21,-0.01,-0.8,-0.78,0.6,-0.18,-1.85,0.23,-1.03,1.96,1,High,High,1.38,1
0.76,-1.01,0.14,-0.89,-0.87,-0.62,-0.81,-0.75,-0.69,-1.11,-0.06,0,High,Medium,1.38,1
-0.36,-1.21,0.51,-0.78,-0.69,-0.62,-0.59,-1.38,-0.89,0.07,0.7,0,Medium,Medium,0.2,0
-0.46,-0.47,-0.53,0.51,-0.64,-0.13,0.39,0.32,0.82,0.62,-0.15,0,Medium,Medium,0.2,0
1.23,2.13,2.15,-0.68,2.77,-1.11,-0.48,1.07,-0.17,-0.01,-1.16,0,Medium,Medium,-0.97,-1
-0.64,0.46,-0.46,-0.19,-0.92,-0.93,-0.46,-1.58,0.23,-0.01,2.13,1,Medium,High,0.2,0
-1.86,0.6,-2.32,-0.75,-0.36,-0.74,-0.51,-0.98,2.97,1.64,2.55,1,High,High,1.38,1
0.85,-0.41,0.14,-0.89,-0.09,0.66,-0.24,-1.53,-1.47,-0.56,1.54,0,Medium,Medium,0.2,0
0.01,-0.74,0.06,2.77,0.19,1.15,0.77,1.97,0.95,-1.11,-0.82,0,Medium,Medium,0.2,0
-0.08,-0.81,-0.23,0.58,0.84,0.91,1.27,0.82,0.75,0.22,-0.99,0,Medium,Medium,-0.97,-1
-0.08,0.13,-0.53,-0.73,-0.55,-0.56,0.52,-0.72,0.82,-1.11,0.36,0,Medium,Medium,-0.97,-1
0.11,-0.74,1.33,-0.94,-0.32,0.24,0.44,-1.54,-1.15,-1.42,1.79,0,Medium,Medium,0.2,0
-0.83,-1.21,-0.31,-0.85,-0.5,1.27,0.02,-1.22,0.36,-1.11,0.53,0,Medium,Medium,0.2,0
0.29,0.8,0.06,0.48,-0.36,-0.8,0.02,0.68,0.62,-0.87,-0.15,0,Low,Medium,-2.15,-2
-0.46,0.53,-1.13,-0.85,-0.69,-0.13,0.81,-0.94,-1.8,-0.56,0.02,0,Medium,Medium,0.2,0
0.01,-0.67,0.58,2.02,0.28,-0.25,1.03,1.16,-2.13,-0.48,-1.33,0,Medium,Medium,0.2,0
1.13,-0.41,0.58,-0.61,0.28,-0.86,-0.16,0.43,0.36,0.54,-0.23,0,Medium,Medium,-0.97,-1
-0.55,0.13,-0.01,1.21,0.79,1.7,0.99,0.94,-0.3,-0.25,-0.99,0,Medium,Medium,-0.97,-1
1.97,-0.54,0.21,-0.89,-1.19,0.05,-0.42,-0.97,-1.93,-1.19,0.61,0,High,Medium,1.38,1
0.01,-1.14,0.96,-0.59,0.74,-0.8,-1.56,-0.37,0.82,0.15,1.54,0,Medium,Medium,0.2,0
2.63,1.4,1.03,-0.64,0.88,-0.86,-1.39,1.72,1.08,0.77,-0.99,0,Medium,Medium,-0.97,-1
-0.08,0.39,-0.53,-0.94,-0.18,-1.35,0.06,-0.72,-1.47,-1.66,-0.4,0,Low,Medium,-2.15,-2
1.32,-0.67,0.66,1.14,-0.73,-0.38,-0.51,0.29,-1.34,-0.79,-0.06,0,Medium,Medium,0.2,0
-1.2,-0.07,-0.01,-0.54,-0.13,-0.31,0.68,-1.3,1.4,1.64,1.37,0,High,Medium,1.38,1
-0.08,-0.67,0.14,0.18,-0.55,-0.31,0.37,0.25,-0.23,0.46,-0.91,0,Medium,Medium,0.2,0
0.85,-0.61,0.14,-0.89,-0.36,-0.13,-0.27,-1.42,-1.28,-0.72,1.62,0,Medium,Medium,0.2,0
-0.83,-0.34,-0.23,-0.17,-1.19,-0.5,-0.2,-1.9,-1.61,0.93,2.13,1,High,High,2.56,3
-0.36,1.4,-1.35,-0.71,1.11,-0.93,-1.47,1.07,2.52,0.93,-0.65,0,Medium,Medium,-0.97,-1
-1.3,0.26,-0.08,-0.92,-1.06,-0.38,-0.51,-1.96,-0.3,-1.03,0.95,0,Medium,Medium,0.2,0
1.23,-0.67,0.06,-0.87,-0.18,1.76,-0.05,-0.9,-0.82,0.22,0.36,0,Medium,Medium,0.2,0
0.48,0.33,-0.23,-0.19,-1.06,-1.41,-0.07,-1.33,-1.47,-0.87,1.71,0,Medium,Medium,0.2,0
-0.64,-0.81,0.21,2.57,-0.55,1.58,0.48,0.89,-0.75,-1.11,0.02,0,Medium,Medium,-0.97,-1
-0.18,-0.21,-0.16,-0.87,0.05,-0.38,1.34,-0.24,0.42,0.15,-0.57,-1,Low,Low,-2.15,-2
0.48,-0.27,-0.38,0.34,-0.46,0.11,0.81,0.04,-0.56,-0.4,0.11,0,Medium,Medium,-0.97,-1
0.39,2.5,-1.57,1.86,-0.36,0.85,1.8,1.11,-0.82,-0.17,-1.24,0,Medium,Medium,-0.97,-1
-0.08,-0.67,0.29,-0.85,-0.73,0.05,-0.05,-1.11,-0.43,-0.32,0.19,0,High,Medium,1.38,1
2.54,0.39,0.88,-0.79,0.74,-1.54,-1.93,0.17,-0.23,-0.48,0.7,0,Medium,Medium,-0.97,-1
-1.39,-1.01,-0.16,-0.64,-0.55,-1.54,-1.27,-1.09,-1.02,-0.56,-0.4,0,Low,Medium,-2.15,-2
0.01,-0.87,-0.31,1.07,-0.69,-0.68,-0.2,0.05,-1.21,-1.19,-0.06,0,High,Medium,1.38,1
0.11,0.56,0.36,-0.71,1.34,-1.05,-1.3,1.04,1.67,0.93,-1.16,0,Medium,Medium,-0.97,-1
0.48,1.26,1.33,2.09,-0.83,0.42,0.74,0.54,-0.56,-1.11,1.03,0,High,Medium,1.38,1
0.01,-0.14,0.51,-0.89,-0.73,-1.23,0.15,-0.68,-0.56,-0.64,-0.57,0,Medium,Medium,0.2,0
-0.18,0.46,-1.05,1.84,-0.87,1.76,1.29,1.16,-0.95,-0.25,-0.99,0,Medium,Medium,-0.97,-1
0.01,-0.34,0.96,-0.75,-0.92,0.11,-0.16,-1.29,0.16,-0.32,1.37,0,High,Medium,1.38,1
0.76,0.06,0.36,-0.73,0.61,-1.54,-1.95,-0.04,0.29,0.15,0.53,0,High,Medium,1.38,1
0.48,-0.31,0.06,2.23,0.51,0.11,1.56,1.33,-1.47,-0.56,-1.16,0,Medium,Medium,-0.97,-1
1.88,-0.81,0.44,-0.8,0.7,-1.48,-1.95,0.44,0.03,0.46,0.44,0,High,Medium,1.38,1
-0.27,2.06,-2.09,-0.64,1.07,-0.99,-1.56,0.41,0.88,0.46,-0.15,0,Medium,Medium,0.2,0
-0.83,-0.67,0.51,-0.8,-0.36,-1.11,-0.05,-0.91,0.49,1.64,0.7,0,Medium,Medium,-0.97,-1
0.39,0.33,1.4,1.81,-0.46,1.64,1.25,1.47,-0.89,-0.48,-1.33,0,Medium,Medium,0.2,0
-0.83,0.73,0.58,-0.59,1.16,-1.48,-1.87,0.45,1.86,1.32,0.36,0,Medium,Medium,0.2,0
-0.36,2.26,-2.17,-0.73,0.42,-0.25,-1.36,0.21,1.08,2.34,0.27,0,Medium,Medium,0.2,0
-0.18,1.46,-1.2,-0.66,1.11,-0.68,-1.39,0.64,1.21,0.54,-0.4,0,Medium,Medium,-0.97,-1
0.11,-0.81,-0.23,-0.54,-0.87,0.48,-0.4,-1.27,-1.54,-0.72,1.03,1,High,High,1.38,1
-0.74,-0.17,-0.68,2.56,0.42,-0.25,0.46,1.41,-0.95,-0.17,-1.24,0,Medium,Medium,-0.97,-1
-0.27,-0.21,-0.61,-0.1,0.42,1.24,2.25,0.54,0.62,0.62,-0.91,0,Medium,Medium,-0.97,-1
-0.18,-0.27,-0.61,0.83,0.19,1.58,1.82,0.86,-0.36,-0.64,-1.5,0,Medium,Medium,-0.97,-1
1.6,-0.14,0.66,-0.52,2.64,-1.41,-1.84,0.66,0.55,2.11,1.03,1,High,High,1.38,1
-0.27,0.8,-0.08,1.58,1.94,-0.44,-0.35,0.97,-0.89,-0.64,-0.82,0,Medium,Medium,-0.97,-1
-0.64,0.06,-1.57,-0.92,-0.18,-0.68,-0.59,-0.57,-0.1,-1.11,-0.65,0,Medium,Medium,-0.97,-1
0.29,1.26,-1.35,-0.61,1.21,0.24,-1.01,0.35,1.34,0.54,0.19,0,Medium,Medium,0.2,0
-0.18,-0.34,0.14,-0.89,-0.59,-0.86,-0.33,-1.4,-1.02,-1.03,0.95,0,Medium,Medium,0.2,0
-1.02,0.19,-1.13,0.3,-0.73,0.36,1.38,-0.04,-0.36,0.77,-0.65,0,Medium,Medium,-0.97,-1
-0.18,2.8,-1.35,0.3,-0.73,-0.68,-1.21,-0.42,-0.89,-2.13,0.44,-1,Low,Low,-2.15,-2
-0.55,-0.27,1.55,-0.78,-0.83,0.66,1.41,-0.74,0.16,0.54,-0.15,0,Medium,Medium,0.2,0
-0.08,2.16,-1.13,-0.68,1.02,-1.35,-1.67,0.63,0.95,0.22,-0.74,0,Medium,Medium,-0.97,-1
-0.64,0.66,0.06,-0.85,-0.18,-1.23,-0.9,-0.82,-0.95,-0.87,0.7,0,Medium,Medium,-0.97,-1
1.41,-0.67,0.66,-0.19,-0.78,-0.8,-0.13,0.14,-0.56,0.07,-0.74,0,Medium,Medium,-0.97,-1
-0.46,1.66,-2.32,-0.66,2.22,1.21,-0.97,0.41,2.39,1.24,0.7,0,Medium,Medium,0.2,0
-0.18,-0.07,-1.05,0.6,-0.46,2.37,1.89,0.57,-0.62,-0.95,-1.41,0,Medium,Medium,-0.97,-1
0.29,-0.47,0.44,1.02,-0.23,0.72,0.57,1.4,1.54,1.56,-0.48,0,Medium,Medium,-0.97,-1
-0.83,0.26,-0.53,0.25,-0.92,-0.68,-0.55,-1.78,-1.21,-2.05,2.38,1,High,High,2.56,3
-0.18,1.66,-2.24,-0.73,1.3,0.6,-1.14,0.91,1.14,1.64,-0.74,0,Medium,Medium,-0.97,-1
1.04,-0.67,1.33,-0.96,0.24,-0.93,-0.79,-0.54,-1.02,-1.11,-0.15,0,Medium,Medium,0.2,0
-0.27,-1.01,-0.75,0.09,0.05,0.24,-0.22,0.05,0.49,-0.72,-0.99,0,Medium,Medium,-0.97,-1
-0.83,-0.07,-1.13,0.46,-0.32,-0.01,0.37,0.21,-0.3,-0.4,-0.82,0,Medium,Medium,0.2,0
1.23,-0.87,-0.01,-0.52,0.1,-0.86,-0.49,-0.05,-1.74,-0.56,-0.91,0,Medium,Medium,0.2,0
2.72,1.06,-0.83,1.39,0.88,-1.05,-1.21,2.58,-0.43,1.32,-1.16,0,Medium,Medium,0.2,0
0.48,1,0.44,-0.99,-0.69,-1.6,-0.29,-1.47,-1.28,-1.03,0.7,0,Low,Medium,-2.15,-2
1.23,1.66,-0.31,1.66,-0.87,0.42,0,0.57,-1.54,-1.03,0.19,0,Medium,Medium,0.2,0
-1.02,-0.34,-0.68,1.66,-0.18,0.72,0.86,0.5,-0.17,-0.48,-0.4,0,Medium,Medium,-0.97,-1
0.48,0.53,-1.28,-0.47,1.62,-0.56,-1.34,0.75,0.62,0.38,-0.06,0,Medium,Medium,0.2,0
-0.18,1.26,1.7,0.67,-0.73,-0.44,0.97,-0.58,0.23,-0.4,1.37,0,Medium,Medium,0.2,0
-0.36,0.73,-0.01,-0.73,-1.01,0.66,-0.22,-1.54,0.42,0.77,1.71,1,High,High,1.38,1
-0.64,-0.67,-0.31,-0.68,-0.46,0.3,-0.29,-1.2,-1.28,0.85,0.27,0,Medium,Medium,0.2,0
-0.08,-0.34,-0.38,-0.78,-0.46,0.24,0.26,-0.65,1.34,-0.17,0.11,0,High,Medium,2.56,3
-0.18,-0.54,0.66,-0.87,-0.64,-0.5,-0.27,-1.51,-1.28,-1.03,0.7,0,Medium,Medium,0.2,0
-0.46,2.43,-2.32,-0.68,1.07,-1.11,-1.1,0.9,1.73,1.17,-1.16,0,Medium,Medium,-0.97,-1
-0.64,-0.47,-0.75,0.74,-0.09,1.27,1.21,0.4,0.03,-0.32,-0.91,0,Medium,Medium,-0.97,-1
1.6,0.13,1.33,-0.94,-0.73,-0.99,-1.1,-0.82,-1.74,-1.5,-0.06,0,Low,Medium,-2.15,-2
-0.64,1.93,-1.42,-0.08,0.37,0.17,1.47,0.45,-0.04,-0.32,-1.41,0,Medium,Medium,-0.97,-1
-0.08,-0.21,1.33,-0.08,-0.73,-0.8,-0.2,-0.97,0.23,1.24,1.54,1,High,High,1.38,1
-0.18,-0.54,0.29,0.97,-0.83,0.72,0.63,0.14,-0.1,-1.27,0.78,0,Medium,Medium,0.2,0
-1.11,0.26,-0.08,-0.82,-0.87,0.3,-0.38,-1.59,0.88,0.3,1.2,0,High,Medium,1.38,1
-0.08,2.4,-2.32,-0.73,2.87,-1.66,-1.95,0.74,0.82,0.62,-0.74,0,Medium,Medium,0.2,0
-0.46,2.46,-1.72,-0.57,2.5,-0.99,-1.63,0.84,1.4,0.46,-0.32,0,Medium,Medium,-0.97,-1
-0.74,-0.14,0.21,-0.66,-0.32,-0.62,-0.72,-0.57,0.49,-0.72,-0.32,0,Medium,Medium,-0.97,-1
-0.64,0.6,-0.9,1,-0.41,-0.13,0.53,0.01,0.03,0.07,0.34,0,Medium,Medium,-0.97,-1
-0.46,-0.27,0.96,0.93,0.05,1.95,1.14,0.91,-1.34,-0.56,-1.41,0,Medium,Medium,-0.97,-1
-0.27,-1.34,0.58,-0.85,-0.83,-0.68,-0.26,-1.11,0.03,0.62,0.61,0,High,Medium,1.38,1
0.01,-0.47,0.44,0.11,-1.24,0.05,-0.2,-1.25,-1.08,-1.5,1.71,1,High,High,2.56,3
-1.02,-0.87,-0.46,-0.71,-0.5,-0.01,-0.38,-1.26,0.29,0.3,0.44,0,Medium,Medium,0.2,0
-1.11,0.06,-0.08,-0.29,-0.78,1.64,0.35,-1.48,-0.89,-1.42,1.2,0,Medium,Medium,0.2,0
-0.27,-0.87,0.36,-0.8,-1.1,-1.41,-1.28,-0.91,-0.1,0.62,0.27,0,Medium,Medium,0.2,0
-1.11,-0.07,-0.38,-0.82,0.24,-0.8,0.46,-0.93,0.1,-1.27,0.11,0,Medium,Medium,-0.97,-1
-0.27,-1.01,-0.23,0.81,-0.23,1.33,2.31,0.32,-0.04,0.07,-0.06,0,Medium,Medium,0.2,0
2.63,2.73,-0.23,-0.57,1.21,-0.56,-0.72,1.33,0.36,-0.09,-0.65,0,Medium,Medium,-0.97,-1
-0.64,-0.41,-0.16,1.35,-1.1,-0.8,0.04,-0.27,-0.3,-1.19,0.53,0,Medium,Medium,0.2,0
0.11,2.67,-2.17,-0.59,1.11,-0.86,-1.36,1.04,1.4,-0.01,-1.08,0,Medium,Medium,-0.97,-1
0.39,-0.27,0.36,2.49,-0.09,-0.07,0.15,0.9,-1.08,0.15,-0.15,0,Medium,Medium,-0.97,-1
0.76,-1.01,0.36,0.2,0.28,0.05,0.29,0.25,0.16,-0.01,0.27,0,Medium,Medium,0.2,0
0.95,-0.47,-0.31,-0.17,-1.01,0.78,0.13,-0.78,-0.43,-1.5,0.53,0,Medium,Medium,0.2,0
-0.64,-0.27,-0.75,1.08,-0.5,0.36,0.06,-0.34,-1.54,-1.42,0.3,0,Medium,Medium,0.2,0
0.29,-1.27,-0.08,-0.87,-0.87,-0.31,-0.46,-0.58,1.99,-1.03,0.02,0,Medium,Medium,0.2,0
0.67,-0.47,-0.01,-0.33,-1.24,-0.5,-0.29,-1.3,-1.54,-0.4,1.29,0,High,Medium,1.38,1
-0.18,-1.27,-0.16,1.14,0.19,-0.01,-0.46,0.29,-0.23,-1.5,-0.57,0,Medium,Medium,0.2,0
1.32,0.86,-0.01,-0.65,1.21,0.11,-1.06,1.33,0.68,0.15,-0.65,0,Medium,Medium,-0.97,-1
0.57,-0.14,-0.38,0.65,-0.96,-0.44,-0.48,0.04,-0.62,-0.17,-0.15,0,Medium,Medium,-0.97,-1
0.2,1.46,-2.09,-0.8,0.93,-0.8,-1.36,0.47,0.95,-0.32,-1.33,0,Low,Medium,-2.15,-2
-0.55,-0.74,-0.9,-0.92,0.56,0.36,1.38,-0.48,-1.15,-0.17,-0.91,0,Medium,Medium,0.2,0
-0.64,-1.34,-0.23,-0.96,-0.32,0.11,-0.53,-0.91,1.6,-0.01,0.53,0,Medium,Medium,0.2,0
-0.55,-0.34,0.21,1.14,-0.64,-0.01,0.31,0.39,-0.75,-0.64,-0.65,0,Medium,Medium,-0.97,-1
-0.18,-0.21,1.33,0.6,0.24,-0.31,0.74,0.68,1.34,0.85,0.36,0,High,Medium,1.38,1
-0.08,0.19,0.06,1.28,-0.32,0.3,0.35,-0.29,-0.89,-1.5,0.87,1,High,High,2.56,3
-0.64,-1.27,-0.01,-0.89,-0.83,1.4,0.4,-1.24,1.01,-1.34,0.78,1,High,High,1.38,1
-0.74,-0.74,0.21,-0.01,-0.92,0.36,-0.42,-1.5,0.29,-1.27,2.47,1,High,High,1.38,1
0.85,-0.21,0.36,1.39,-0.83,-1.35,-0.84,-0.27,-1.15,-0.87,1.37,0,Medium,Medium,0.2,0
-0.08,1.2,-1.65,-0.68,0.47,-1.6,-1.96,0.55,0.82,0.15,-0.06,0,Medium,Medium,-0.97,-1
-0.83,-1.07,-0.08,-0.92,-0.69,-0.99,-0.68,-0.47,1.8,0.15,-0.23,0,Medium,Medium,0.2,0
1.6,-0.01,0.96,0.31,-1.29,-1.29,-0.53,-0.93,-1.74,-0.95,1.71,0,High,Medium,1.38,1
1.79,1,0.06,-0.52,1.48,-0.56,0.11,1.47,0.62,0.77,-0.99,0,Medium,Medium,-0.97,-1
-0.27,-0.74,-0.53,-0.03,1.85,-0.01,0.13,0.29,-1.28,-0.48,-1.67,0,Medium,Medium,0.2,0
-0.36,-0.74,-0.68,-0.89,-0.64,-1.54,0.15,-1.19,-0.82,-1.19,0.53,0,Low,Medium,-2.15,-2
-0.83,-0.81,-0.98,1.53,-0.36,1.88,0.72,0.81,-0.56,-0.01,-0.99,0,Medium,Medium,0.2,0
-0.36,-1.01,-0.53,1.23,0.24,2.07,1.27,0.32,-0.69,-0.17,0.02,0,Medium,Medium,0.2,0
1.32,2.2,-0.83,-0.68,2.08,-0.44,-0.05,1.09,-0.62,-0.32,-1.16,0,Medium,Medium,-0.97,-1
1.13,1.53,-0.68,-0.61,1.39,-1.23,-0.55,1.43,0.95,0.77,-0.91,0,Medium,Medium,-0.97,-1
0.2,-0.14,2.82,1.21,-0.5,1.7,0.81,1.22,-1.08,-0.56,-1.67,0,Medium,Medium,-0.97,-1
1.13,-0.21,1.33,-0.29,1.76,-1.17,-1.69,0.24,0.29,0.93,1.29,1,High,High,1.38,1
-0.36,-0.47,1.33,0.72,0.01,1.09,1.49,0.46,-0.23,-0.32,-0.91,0,Medium,Medium,-0.97,-1
-0.27,-0.07,-0.75,-0.66,-0.36,-0.93,-0.88,-0.39,-0.36,-1.03,-0.99,0,Medium,Medium,0.2,0
-0.46,-0.34,-0.08,1.84,-0.87,0.05,1.12,0.18,-0.69,-1.03,0.53,0,Medium,Medium,0.2,0
0.85,-0.54,1.33,0.93,-0.36,0.05,1.27,1.33,0.75,-0.25,-0.48,0,Medium,Medium,0.2,0
1.69,1,-0.53,-0.51,1.94,0.3,-0.18,1.4,-0.82,0.07,-1.16,0,Medium,Medium,-0.97,-1
2.16,-0.27,1.78,-0.66,-0.09,-0.8,0.06,0.68,-0.69,1.32,-0.23,0,Low,Medium,-2.15,-2
-1.02,-0.07,1.11,-0.82,-0.09,1.58,1.34,-0.44,0.1,-0.25,-0.82,0,Medium,Medium,-0.97,-1
-0.64,-0.47,-0.53,0.32,-0.55,-0.19,0.15,-1.43,-0.04,-0.25,1.71,1,High,High,1.38,1
-0.55,-0.94,0.06,-0.85,-0.55,0.05,0.29,-0.75,0.88,0.15,0.19,0,High,Medium,1.38,1
0.85,-0.61,0.36,-0.82,-0.23,-0.8,0.24,0.18,-0.17,0.15,-0.48,0,Medium,Medium,0.2,0
-1.86,-0.17,-1.35,-0.77,-0.73,-0.8,-0.79,-1.54,1.14,-0.09,1.48,0,Medium,Medium,-0.97,-1
0.67,2.7,-1.72,-0.61,1.85,-1.23,-1.38,1.11,0.1,1.48,-0.65,0,Medium,Medium,0.2,0
0.85,-0.34,0.81,0.48,-0.32,0.66,0.97,0.57,-0.36,-0.72,0.02,0,Medium,Medium,-0.97,-1
-0.36,-1.34,1.03,-0.19,-0.41,1.33,0.28,-0.96,-1.08,0.15,0.61,0,Medium,Medium,0.2,0
0.11,-0.87,-0.46,-0.12,-0.36,0.05,-0.13,0.21,0.03,-1.27,-0.99,0,Medium,Medium,-0.97,-1
-1.39,-0.27,-1.94,-0.99,-0.64,-1.17,-1.58,-0.68,0.88,-1.34,-1.16,0,Medium,Medium,-0.97,-1
-0.27,-0.27,0.06,-0.75,-0.92,-0.74,0.26,-1.2,-1.15,0.77,0.53,0,Medium,Medium,0.2,0
-1.02,-1.14,0.36,-0.8,-0.46,-1.05,-1.01,-1.03,-0.04,0.15,0.19,0,Medium,Medium,0.2,0
0.57,0.06,-0.08,0.69,-0.18,-0.31,1.4,0.29,-1.67,-0.4,0.27,0,Medium,Medium,-0.97,-1
0.01,-0.01,-0.98,0.3,1.94,-0.19,0.92,0.16,-2.13,-0.25,-0.91,0,Medium,Medium,-0.97,-1
0.29,0.19,0.06,-0.73,-0.73,-0.19,0.06,-0.84,-0.49,-0.25,0.53,0,Medium,Medium,0.2,0
-0.83,-1.21,-0.31,1.39,-0.78,0.97,0,0.62,-0.69,-1.11,-1.24,0,Medium,Medium,0.2,0
1.04,0.39,0.51,-0.82,0.28,-1.23,-1.6,0.68,0.23,1.72,-0.65,0,Medium,Medium,-0.97,-1
0.85,-0.54,-1.35,2.84,-0.73,1.15,1.89,1.9,-1.74,-0.48,-0.74,0,Medium,Medium,-0.97,-1
0.2,-0.54,0.36,1.88,-0.09,0.3,1.54,1.54,-1.21,-0.48,-1.41,0,High,Medium,1.38,1
-0.83,-0.94,-0.16,-0.17,-0.32,0.17,0.18,0.82,-0.3,-0.79,-1.08,0,Medium,Medium,0.2,0
1.32,-0.94,1.85,2.86,0.14,1.03,0.97,2.21,-1.02,1.17,-1.08,0,Medium,Medium,0.2,0
-1.86,-0.14,-0.08,-0.96,-0.69,-0.13,0.66,-0.82,2.06,0.3,-0.4,0,Medium,Medium,0.2,0
-1.02,-0.81,-0.53,1.65,-0.09,1.52,0.88,0.97,0.75,-1.03,-0.99,0,Medium,Medium,-0.97,-1
-0.46,1.26,-2.02,-0.66,0.79,-1.35,-1.85,0.47,1.14,0.85,-0.99,0,Medium,Medium,0.2,0
-0.64,-1.14,-0.46,-0.85,0.24,-0.56,0.17,-1.21,0.03,-0.64,0.44,0,High,Medium,1.38,1
2.07,-0.14,1.33,-0.87,-0.46,0.24,0.57,0.18,-0.75,-0.48,-0.65,0,Medium,Medium,-0.97,-1
1.69,-0.34,1.03,-0.78,0.7,-1.41,-1.91,-0.27,0.16,0.22,1.46,0,High,Medium,1.38,1
0.29,-0.27,0.51,-0.78,0.47,-1.29,-1.58,0.9,1.21,0.07,-0.91,0,Medium,Medium,0.2,0
-0.46,-0.01,0.73,-0.71,-1.15,-0.99,-0.68,-1.32,0.29,0.85,1.54,0,Medium,Medium,0.2,0
-0.27,1.8,-0.98,-0.73,1.25,-0.74,-0.55,0.9,2.39,0.38,-1.08,0,Medium,Medium,0.2,0
1.97,-1.01,1.33,-0.82,-0.5,0.54,0.26,0.07,-1.21,-0.25,-0.65,0,High,Medium,1.38,1
2.07,0.66,0.96,-0.73,1.53,-1.29,-1.73,1,0.36,0.22,-0.91,0,Medium,Medium,-0.97,-1
-0.83,-0.34,1.03,0.58,-0.32,0.97,1.6,0.51,0.23,-0.48,-1.16,0,Medium,Medium,0.2,0
-0.74,-0.74,-0.08,-0.71,-0.09,-0.44,0.07,-0.81,0.1,-0.4,-0.15,0,Medium,Medium,0.2,0
1.97,2,-0.75,-0.54,2.08,-0.07,-0.94,1.61,0.36,0.46,-0.82,0,Medium,Medium,-0.97,-1
0.11,-0.81,0.21,1.6,-0.41,0.42,1.78,0.68,-0.89,-0.17,-0.82,0,Medium,Medium,0.2,0
-0.08,-0.61,-0.53,-0.75,-0.23,-0.07,-0.46,-0.64,0.49,-0.72,-0.57,0,Medium,Medium,0.2,0
-0.18,-0.07,-0.38,0.76,0.05,0.11,1.18,0.79,0.16,-0.09,-1.16,0,Medium,Medium,0.2,0
0.57,-0.47,-0.38,-0.71,0.01,-0.68,-0.72,0.29,-0.49,2.11,0.27,0,Medium,Medium,0.2,0
0.29,-0.94,-0.08,1.81,0.05,1.12,1.76,1.54,-0.56,-0.25,-1.24,0,High,Medium,1.38,1
-0.74,-0.67,-0.75,0.02,-0.78,-0.07,0.48,-0.04,0.88,-1.5,-0.4,0,High,Medium,1.38,1
1.04,0.6,1.33,-0.57,1.48,0.11,-1.12,1.61,0.75,1.79,-1.58,0,Medium,Medium,0.2,0
-0.18,1.53,-0.38,1.37,0.37,1.52,1.41,0.93,-0.1,-0.64,-0.99,0,Medium,Medium,-0.97,-1
-0.08,0.66,-2.17,-0.73,1.3,-0.93,-1.61,0.22,0.82,2.26,0.02,0,Medium,Medium,0.2,0
1.69,2.77,-0.98,-0.59,1.16,-0.93,-1.25,1.11,-0.17,-0.4,-0.74,0,Medium,Medium,0.2,0
-1.02,2.26,-1.8,-0.89,0.37,-1.29,-0.15,-0.43,-0.75,-1.34,-1.58,0,Low,Medium,-2.15,-2
-0.83,0.19,-0.31,-0.43,-0.92,-1.05,-0.79,-1.75,-2.13,1.32,1.71,0,High,Medium,1.38,1
-0.46,-0.54,0.73,0.55,-0.41,-0.07,0.64,0.11,-0.49,0.62,-0.32,0,High,Medium,1.38,1
1.79,0.46,0.88,-0.61,0.74,-0.07,-1.28,0,-0.17,0.62,1.37,0,Medium,Medium,0.2,0
-0.55,-0.27,-0.38,0.46,-0.55,-0.74,-0.05,-0.23,-0.36,-1.11,-0.32,0,Medium,Medium,0.2,0
-0.18,-0.34,-0.31,-0.68,-0.73,0.72,0.09,-0.61,1.27,-0.25,0.19,1,High,High,1.38,1
-0.64,-1.07,0.21,1.95,-0.36,0.91,0.42,1.15,-1.08,-0.72,-1.24,0,Medium,Medium,0.2,0
-0.08,-1.07,0.44,-0.82,-1.1,-0.25,-0.75,-0.75,0.49,-0.48,0.19,0,High,Medium,1.38,1
2.26,0.26,1.55,-0.71,1.39,-1.48,-1.65,1.33,-0.3,-0.09,-0.91,0,Medium,Medium,-0.97,-1
0.39,2.13,-0.98,0.46,1.67,-0.19,-0.4,1.74,1.01,1.95,-0.99,0,Medium,Medium,-0.97,-1
-0.36,1,-1.72,-0.68,0.56,-0.74,-1.5,0.44,0.68,0.93,-0.74,0,Medium,Medium,-0.97,-1
-0.55,-0.07,1.03,0.62,-1.38,0.05,-0.35,-1.06,-0.17,1.4,1.79,1,High,High,1.38,1
-0.18,-0.34,-0.68,1.16,0.01,0.36,0.28,0.95,-0.95,-0.48,-0.82,0,Medium,Medium,-0.97,-1
-0.92,0.46,-0.01,-0.96,-0.18,-0.44,0.99,-0.47,-0.04,1.95,-0.91,0,Medium,Medium,0.2,0
1.13,-0.81,2,2.82,-0.13,1.95,1.78,2.26,-1.41,-0.09,-1.08,0,Medium,Medium,0.2,0
-0.36,-0.94,0.21,-0.94,-1.38,-0.5,-0.4,-1.11,0.03,0.38,0.44,0,Medium,Medium,0.2,0
0.39,-0.34,0.58,1.21,-0.32,1.76,1.71,1.04,-0.43,0.85,-0.82,0,Medium,Medium,0.2,0
0.01,-0.47,-0.01,-0.66,-0.36,-0.07,0.22,-0.22,0.75,0.93,0.27,0,High,Medium,2.56,3
-1.11,0.26,-1.57,-0.8,0.24,0.54,0.22,-0.68,0.1,-0.32,-0.4,0,Medium,Medium,-0.97,-1
0.57,0.46,-0.31,-0.12,-0.83,-0.19,-0.38,-0.91,-0.1,0.54,1.46,1,High,High,2.56,3
1.04,1.8,-1.05,-0.64,0.93,-1.17,-0.79,0.72,-0.17,-0.56,-1.08,0,Medium,Medium,-0.97,-1
0.85,-0.87,0.96,-0.94,0.24,-0.38,-0.09,-0.97,-0.89,-1.58,0.53,0,Medium,Medium,0.2,0
0.39,-1.07,0.44,-0.82,0.37,-0.74,-0.75,-0.25,2.06,2.81,0.11,0,Medium,Medium,-0.97,-1
-0.64,-0.74,1.85,2.21,0.14,-0.19,0.79,1.33,-1.61,-0.95,-1.24,0,Medium,Medium,-0.97,-1
0.39,-0.21,-0.75,0.35,-1.19,0.17,0.5,-0.67,-2,-1.34,0.44,0,Medium,Medium,-0.97,-1
0.01,-1.14,0.36,1.32,-0.36,-0.62,-0.48,0.57,-0.43,-0.64,0.27,0,High,Medium,1.38,1
0.48,-1.07,0.36,-0.12,-0.46,-0.25,-0.26,-0.01,-0.89,-0.4,-0.91,0,Medium,Medium,-0.97,-1
-0.27,-0.47,0.21,2.07,-0.83,0.54,0.33,0.21,0.68,0.07,1.2,1,Medium,High,0.2,0
-1.02,-0.61,0.73,-0.87,-0.73,0.72,0.04,-1.48,-1.21,0.93,0.98,0,Medium,Medium,0.2,0
-1.48,-0.07,-1.35,-0.87,-0.69,0.91,0.74,-0.88,0.23,-1.11,0.11,0,Medium,Medium,-0.97,-1
0.01,0.19,1.85,-0.87,-0.27,-0.31,-0.26,-0.72,0.1,-1.5,-0.06,0,Medium,Medium,0.2,0
-0.36,-0.61,0.73,1.02,-0.55,1.15,0.92,0.39,-0.69,0.7,-0.57,0,Medium,Medium,0.2,0
0.29,2.2,-2.32,-0.75,1.07,-1.05,-1.39,1.25,1.86,0.3,-0.99,0,Medium,Medium,-0.97,-1
0.2,-0.07,-0.61,2.02,-0.09,1.15,1.49,1.5,-0.17,-0.48,-1.58,0,Medium,Medium,-0.97,-1
1.88,0.19,0.58,-0.75,0.37,-0.56,-1.12,0.23,-0.3,2.34,0.36,0,High,Medium,1.38,1
0.2,1.73,-0.38,0.51,0.84,0.3,0.09,1.36,0.95,-0.25,-0.99,0,Medium,Medium,-0.97,-1
1.69,-0.61,0.58,-0.8,1.02,-1.66,-1.95,0.96,-0.69,0.54,-0.91,0,Medium,Medium,0.2,0
0.67,2.1,-2.32,0.11,1.57,-1.54,-1.8,1.54,1.14,0.22,-0.82,0,Medium,Medium,0.2,0
-0.83,-0.21,0.06,-0.78,-0.92,-0.01,0.26,-1.15,0.36,-0.87,0.53,0,High,Medium,1.38,1
-0.08,1.46,-1.35,-0.66,1.07,-0.93,-1.49,0.57,0.88,0.54,-0.74,0,Medium,Medium,0.2,0
0.85,-0.67,0.29,0.97,-0.36,1.4,1.29,0.97,-0.89,0.3,-0.91,0,High,Medium,1.38,1
1.6,-0.21,0.51,-0.64,0.37,-0.68,-0.81,0.4,1.08,1.56,1.03,0,Medium,Medium,0.2,0
-1.3,-1.21,-0.23,-0.31,-0.32,1.64,0.64,-1.08,-0.04,-1.97,0.53,0,Medium,Medium,0.2,0
0.57,-0.07,2.22,1.58,-0.5,2.19,1.32,1.3,-1.47,0.15,-1.08,0,Medium,Medium,-0.97,-1
-0.64,-0.14,0.66,0.32,-0.59,0.54,1.38,0.3,-0.56,-0.01,-0.65,0,Medium,Medium,-0.97,-1
-0.18,-0.34,-0.08,0.76,-1.19,0.42,-0.05,-1.04,-1.54,-1.11,1.46,0,High,Medium,2.56,3
0.67,-1.21,0.21,-0.92,-0.78,0.05,-0.42,-1.2,-1.02,1.56,0.61,0,High,Medium,1.38,1
-0.46,-0.61,-0.23,0.39,-0.92,-0.25,-0.46,-0.92,-0.62,-1.58,1.46,1,Medium,High,0.2,0
-0.83,-0.21,-0.83,0.37,-0.32,0.72,0.99,0.04,0.88,-0.56,-0.15,0,Medium,Medium,0.2,0
1.97,-1.14,1.33,-0.71,-0.36,-0.74,-0.16,0.3,-0.82,0.07,-0.32,0,Low,Medium,-2.15,-2
-0.55,-0.27,1.63,-0.78,-0.55,0.66,1.4,-0.75,0.23,0.54,-0.15,0,High,Medium,1.38,1
-0.88,-0.81,0.44,-0.43,-1.43,-0.62,-0.66,-1.27,1.08,-0.4,1.2,0,Medium,Medium,-0.97,-1
-0.74,-1.21,-0.08,-0.85,-1.38,0.48,-0.29,-1.19,1.27,0.38,0.7,0,High,Medium,1.38,1
-1.86,-0.47,0.21,0.32,-0.83,-0.25,-0.31,0.07,0.03,-0.87,-1.16,0,Medium,Medium,0.2,0
-0.18,-0.07,-0.08,-0.75,-0.73,-0.13,0.02,-0.58,0.1,-0.32,0.36,0,Medium,Medium,0.2,0
-0.64,2.06,-0.75,-0.75,1.34,-0.99,-1.56,0.93,2.39,1.09,-0.65,0,Medium,Medium,-0.97,-1
0.2,-0.61,0.21,0.58,-0.18,-0.07,0.66,0.68,-0.82,0.15,-1.33,0,Medium,Medium,-0.97,-1
-1.11,-0.94,0.44,-0.99,-1.15,-1.66,-1.74,-1.65,-0.89,-1.66,0.19,-1,Medium,Low,-0.97,-1
1.23,-0.14,-0.01,-0.95,-1.43,1.33,0.59,-1.4,-1.93,-1.58,0.78,0,Medium,Medium,-0.97,-1
0.48,-0.87,2.74,1.84,-0.46,1.58,0.81,1.47,-1.15,-0.87,-1.58,0,Medium,Medium,-0.97,-1
-0.74,-0.87,-0.98,1.3,-0.32,1.64,0.79,0.85,-0.89,0.15,-1.16,0,Medium,Medium,-0.97,-1
0.29,-0.67,-0.46,-0.85,-0.13,0.78,0.46,-0.32,1.27,0.15,-0.32,0,High,Medium,1.38,1
0.29,1.46,-0.68,-0.66,2.5,-1.11,-0.81,0.57,-1.15,0.85,-1.16,0,Medium,Medium,-0.97,-1
1.04,0.06,0.44,-0.73,0.24,0.78,-0.77,-0.08,0.03,2.26,1.2,0,Medium,Medium,0.2,0
1.69,2.8,-1.28,-0.59,1.57,-1.29,-1.58,1.41,0.75,0.93,-0.06,0,Medium,Medium,-0.97,-1
-0.08,-0.21,-0.31,-0.82,1.11,-0.38,0.53,-0.31,-0.82,-0.01,-0.4,0,Medium,Medium,-0.97,-1
0.2,-0.07,0.21,0.37,-0.92,-0.38,-0.07,0.27,-0.04,-0.48,-0.65,0,Medium,Medium,0.2,0
-0.74,1.46,1.03,1.86,-0.23,0.17,1.21,1.11,-0.17,-0.48,-1.16,0,Medium,Medium,0.2,0
2.35,1.8,1.4,-0.64,1.25,-0.13,-0.83,1.93,1.8,0.38,-0.74,0,Medium,Medium,-0.97,-1
0.57,-0.21,-0.61,-0.71,0.74,-0.13,0.4,-0.17,-0.75,0.77,-0.65,0,Medium,Medium,-0.97,-1
0.57,0.06,-0.23,1.39,-0.55,0.05,0.02,1.38,0.29,-1.81,-1.16,0,Medium,Medium,0.2,0
0.67,1.66,-2.17,-0.71,0.97,-1.29,-1.8,0.9,0.88,0.38,-0.91,0,High,Medium,1.38,1
-0.46,-0.74,-0.16,2.19,-0.27,0.54,0.04,1.45,-1.15,-0.17,-1.24,0,Medium,Medium,0.2,0
-0.55,-0.27,-0.08,0.96,-0.04,-0.31,0.92,-0.33,0.1,0.3,0.65,0,Medium,Medium,0.2,0
0.01,2.57,-2.32,-0.63,0.88,-0.56,-1.27,0.72,0.42,-0.56,-0.99,0,Medium,Medium,-0.97,-1
-0.27,-1.01,-0.08,1.81,0.47,-0.68,1.01,1.35,-1.47,-0.01,-1.33,0,High,Medium,1.38,1
2.16,-1.14,-0.08,-0.85,-0.46,-0.25,1.1,0.39,-0.49,-0.48,-1.24,0,Medium,Medium,-0.97,-1
0.29,-0.87,0.29,0.25,-1.24,-1.23,-1.39,-0.67,-2.85,-0.01,0.27,0,Medium,Medium,-0.97,-1
-0.27,-1.41,-0.01,0.04,-0.32,-0.07,0.07,-0.04,1.21,-0.48,-0.65,0,High,Medium,1.38,1
2.91,-0.01,1.11,-0.73,1.34,-1.48,-1.96,0.71,-0.82,-0.32,-0.15,0,Medium,Medium,0.2,0
1.97,-1.21,2.74,-0.8,-0.27,-0.5,0.26,0.18,-1.34,-0.56,-0.15,0,Medium,Medium,0.2,0
-0.27,0.96,0.14,-0.25,-0.23,-0.86,-0.64,-1.58,0.03,0.07,2.38,0,High,Medium,1.38,1
-0.83,-0.67,-0.61,-0.89,-1.56,-0.74,0.22,-0.9,-1.15,-1.89,0.02,0,Medium,Medium,-0.97,-1
0.01,-0.27,1.33,-0.89,-0.96,0.11,-0.31,-1.79,-1.02,-1.5,1.37,0,Medium,Medium,0.2,0
0.11,1.33,-1.35,-0.71,0.28,-0.74,-1.73,0.51,-0.1,1.24,-0.57,0,Medium,Medium,0.2,0
0.29,-0.61,0.81,2.09,0.65,1.09,1.51,1.29,-2.19,-0.79,-1.41,0,Medium,Medium,0.2,0
-0.36,-0.47,0.58,-0.92,-0.55,0.91,0.57,-0.29,0.62,0.46,-0.82,0,High,Medium,2.56,3
-1.11,1.4,-2.32,-0.99,-0.92,-1.11,-0.62,-0.52,0.16,-1.27,-1.5,-1,Medium,Low,-0.97,-1
-0.46,0.06,0.66,0.72,-0.27,2.31,0.99,0.23,-0.49,-0.17,-0.88,0,Medium,Medium,0.2,0
0.11,-0.67,0.06,0.81,0.28,1.03,1.29,0.47,-0.23,-0.95,-0.57,0,Medium,Medium,0.2,0
-1.3,-0.54,-0.38,1.74,-0.13,1.37,-0.18,0.93,-0.95,-0.56,-0.99,0,Medium,Medium,0.2,0
0.01,-0.87,-0.08,-0.96,-1.52,-1.6,-1.61,-1.79,-0.17,-1.27,1.2,0,Medium,Medium,0.2,0
-1.02,-0.01,-0.83,-0.75,-0.96,1.15,0.79,-0.86,1.21,0.07,0.36,0,Medium,Medium,0.2,0
-0.27,-0.34,0.36,-0.8,-0.55,-0.31,-0.53,-0.68,0.03,1.09,-0.23,0,Medium,Medium,0.2,0
-0.64,-0.21,-0.31,-0.01,0.28,-0.19,0.64,-0.83,-0.04,-0.25,1.37,1,Medium,High,0.2,0
-1.67,0.93,-1.57,-0.87,-0.73,-1.17,-0.77,-1.25,1.67,0.15,0.53,0,Low,Medium,-2.15,-2
-1.39,-0.07,0.14,0.55,-0.69,-0.31,-0.38,-0.58,0.16,-0.25,0.44,0,Medium,Medium,0.2,0
1.13,-0.21,0.36,1.16,-0.46,0.17,0.97,1.4,0.03,-0.09,-1.08,0,Medium,Medium,0.2,0
-1.86,-0.67,-0.98,-0.94,0.05,-1.05,-0.31,-1.7,-0.04,-1.03,0.78,0,Medium,Medium,-0.97,-1
0.29,-0.14,1.25,2.14,-0.46,1.95,1.62,1.43,-1.08,0.54,-0.99,0,Medium,Medium,-0.97,-1
-1.3,-0.34,-0.08,-0.26,-1.19,0.36,-0.2,-1.67,0.23,0.46,1.84,0,Medium,Medium,0.2,0
-0.64,2,-0.75,-0.8,1.3,-1.11,-1.54,0.93,2.32,1.09,-0.65,0,Medium,Medium,-0.97,-1
0.48,-1.07,-0.31,-0.1,-0.09,-0.44,-0.33,-0.03,-0.95,-0.4,-0.91,0,Medium,Medium,0.2,0
-0.18,-0.67,0.51,0.76,-0.23,1.03,0.85,0.39,0.75,-0.01,-0.06,0,High,Medium,1.38,1
-0.18,0.26,-0.23,2.05,-0.96,0.24,0.39,0.18,-0.82,-1.19,0.87,0,Medium,Medium,0.2,0
0.48,0.6,-0.46,-0.26,2.41,-0.13,-0.48,1.27,-0.49,0.38,-1.24,0,Medium,Medium,-0.97,-1
-0.64,-1.27,-0.23,0.67,0.24,-0.56,-0.62,-0.02,0.23,-1.27,-0.48,0,Medium,Medium,0.2,0
0.2,2.26,-2.17,-0.66,0.93,0.05,-0.44,0.49,0.62,1.24,0.42,0,Medium,Medium,0.2,0
-0.46,-0.74,0.44,2.42,-0.78,1.95,0.68,1.49,-1.34,-0.95,-1.08,0,Medium,Medium,-0.97,-1
-0.74,-0.01,-0.31,-0.89,-0.27,0.24,1.08,-0.32,0.95,0.15,-0.99,0,Medium,Medium,0.2,0
0.2,0.46,-0.53,0.39,0.28,0.66,0.92,0.25,-0.17,-0.87,-0.57,0,Medium,Medium,0.2,0
1.51,-0.61,0.29,-1.03,-0.46,-1.17,-0.83,-0.61,-0.95,-1.11,0.02,0,Medium,Medium,-0.97,-1
0.39,-0.87,0.73,-0.89,-0.09,-0.25,0.28,-1.06,-0.23,-0.01,0.44,0,Medium,Medium,-0.97,-1
-0.92,-0.34,-1.13,-0.87,0.37,0.36,0.18,-0.28,-0.62,-0.48,-1.58,0,Medium,Medium,0.2,0
-0.74,-0.21,-0.83,-0.31,-0.59,0.24,0.29,-0.97,-1.47,-1.11,0.11,0,Medium,Medium,-0.97,-1
-0.55,0.19,1.33,-0.5,-1.01,-0.86,-0.4,-1.47,-0.82,-0.25,1.29,0,High,Medium,1.38,1
-1.02,0.39,-1.05,1.63,-0.27,2.13,2.39,1.18,-0.49,-1.11,-1.33,0,Medium,Medium,0.2,0
-0.27,-0.54,0.44,-0.45,-1.19,-0.07,-0.42,-1.42,-0.56,-0.56,1.37,0,Medium,Medium,0.2,0
-0.74,0.13,-0.08,0.16,-0.78,-1.35,-0.35,-0.57,0.29,-0.87,0.36,0,High,Medium,1.38,1
1.32,-0.61,0.58,1.25,-0.36,-0.62,0.48,1.11,-0.17,0.07,-0.48,0,Medium,Medium,0.2,0
0.85,-0.67,0.73,-0.92,-0.18,0.3,0.63,-0.94,-0.89,-0.4,0.53,0,Medium,Medium,-0.97,-1
-0.92,-0.14,0.21,-0.52,-0.46,1.79,0.85,-0.9,0.29,-0.4,0.19,0,Medium,Medium,0.2,0
-0.64,-0.61,-0.68,-0.82,-0.64,0.48,0.75,-0.32,1.21,0.22,-0.57,0,Medium,Medium,0.2,0
-0.08,-0.01,0.06,-0.89,0.05,0.48,0.4,-1.33,-0.62,-1.89,0.53,0,Medium,Medium,0.2,0
0.29,-0.27,1.25,1.81,-0.69,1.91,1.21,1.35,-1.34,-1.42,-1.5,0,Medium,Medium,-0.97,-1
-0.08,0.33,1.33,-0.59,2.08,0.17,-0.57,0.68,1.08,1.95,0.7,0,Medium,Medium,0.2,0
-0.27,-0.47,0.14,-0.82,-0.23,0.85,0.94,-0.54,-0.69,-0.64,-0.06,0,Medium,Medium,0.2,0
-0.18,-0.61,0.14,-0.78,-0.78,1.03,0.37,-1.54,0.23,-0.95,1.71,1,High,High,1.38,1
0.57,1.8,-2.32,-0.57,0.14,-1.41,-1.89,0.75,1.01,0.3,0.19,0,Medium,Medium,-0.97,-1
-0.92,0.06,-0.31,-0.57,-1.29,-0.62,-0.2,-1.33,1.14,1.17,1.37,1,High,High,1.38,1
-2.23,0.03,-1.28,-0.87,-0.73,2.37,0.96,-0.78,1.6,-0.48,-0.06,0,Medium,Medium,-0.97,-1
-1.48,-1.21,0.06,2.09,-0.96,-0.86,-0.31,0.02,0.23,-1.11,0.78,0,High,Medium,2.56,3
-1.11,-0.21,-0.16,-0.92,-0.73,-0.44,-1.1,-1.4,-0.23,-1.11,0.61,0,Medium,Medium,-0.97,-1
-0.18,1.06,-0.9,-0.78,1.25,-1.05,-1.65,0.42,1.01,0.93,-0.65,0,Medium,Medium,0.2,0
-2.14,-0.27,-0.61,-0.92,-0.36,0.48,1.18,-1.81,0.36,-1.42,1.12,0,Medium,Medium,0.2,0
0.29,0.19,0.21,-0.75,1.07,-0.74,-1.43,-0.36,1.01,2.81,2.55,1,High,High,1.38,1
-0.18,0.53,-0.68,-0.19,-0.96,-1.23,-0.26,-0.47,-1.47,2.66,0.87,-1,Low,Low,-2.15,-2
-0.74,1.8,0.96,1.39,-0.09,1.21,2.37,1.04,-0.23,0.38,-1.08,0,Low,Medium,-2.15,-2
0.48,-0.54,0.21,-0.87,0.19,0.24,1.1,0.01,-0.82,-0.09,-0.91,0,Medium,Medium,-0.97,-1
0.01,0.86,-1.28,-0.52,1.11,-0.93,-1.45,0.69,0.88,-0.25,0.11,0,Medium,Medium,-0.97,-1
-0.27,-0.67,1.25,-0.82,-0.73,0.3,0.9,-0.96,-0.3,-0.56,0.61,0,Medium,Medium,0.2,0
-0.83,2.06,-1.65,-0.59,1.34,-0.93,-1.65,0.39,2.26,0.85,1.2,0,Medium,Medium,-0.97,-1
-0.64,-0.07,-0.31,-0.03,-0.83,-0.74,0.11,-0.97,0.88,1.48,1.62,1,Medium,High,0.2,0
1.32,-0.34,0.21,2.05,-0.5,0.11,0.83,1.36,-0.62,-0.95,-0.57,0,Medium,Medium,0.2,0
0.01,0.39,0.29,1.74,-0.36,-0.25,-0.81,-0.07,-0.36,-1.81,0.87,0,Medium,Medium,-0.97,-1
-1.95,0.13,-0.46,0.65,-0.96,-0.38,0,-0.68,1.08,-0.95,0.61,0,Medium,Medium,0.2,0
-0.46,-0.54,-0.08,-0.8,-0.27,0.11,0.33,-0.47,1.27,-0.09,-0.4,0,High,Medium,1.38,1
-0.08,-0.74,-0.08,-0.85,-0.55,-0.99,-0.97,-1.59,-0.17,-1.5,1.2,0,Medium,Medium,0.2,0
2.44,1.33,2.15,-0.71,-0.59,-1.54,-1.78,0.56,0.49,2.66,1.54,0,Medium,Medium,0.2,0
-0.27,0.13,0.96,0.34,0.19,0.05,0.83,0.32,-0.56,-0.64,-0.91,0,Medium,Medium,-0.97,-1
-1.02,-0.01,0.51,1.09,-0.55,-0.07,0.15,0.39,1.6,-0.32,0.36,0,Medium,Medium,0.2,0
0.85,1.66,-0.23,-0.43,0.65,-0.56,-0.04,1.07,-0.04,0.15,-0.99,0,Medium,Medium,0.2,0
-1.39,-0.34,-0.31,-0.26,-0.41,1.33,0.77,-0.82,0.82,-0.64,0.11,1,High,High,1.38,1
0.67,-0.34,-0.68,-0.85,0.19,-0.38,0.26,0.04,0.36,-0.32,-0.91,0,Medium,Medium,-0.97,-1
0.11,1.9,-1.57,-0.85,0.74,-0.31,0.7,0.25,-0.17,-0.32,-0.74,0,Low,Medium,-2.15,-2
-0.08,-0.14,-0.38,0.55,0.79,-0.13,0.81,0.39,-0.62,-0.48,-0.65,0,Medium,Medium,0.2,0
-0.27,2.5,-0.46,-0.43,-0.18,-1.23,-1.08,0.61,0.88,-0.01,-0.91,0,Low,Medium,-2.15,-2
-1.3,-0.44,-0.23,0.44,-0.73,0.97,0.63,-0.47,0.88,-0.64,0.19,0,High,Medium,1.38,1
-1.02,0.8,0.81,-0.92,-0.04,1.88,1.49,-0.39,-1.34,-0.95,-1.33,0,Medium,Medium,-0.97,-1
0.57,-0.47,0.66,-0.92,-0.46,-1.29,-1.03,-1,-2.19,-0.17,0.02,0,Medium,Medium,-0.97,-1
-0.74,-0.67,1.4,1.25,-0.41,1.88,0.29,0.4,-2.39,-0.48,-1.24,0,Medium,Medium,0.2,0
-0.36,-0.14,-1.65,-0.85,-0.59,1.4,0.46,-0.8,-0.69,-0.64,-0.4,0,Medium,Medium,-0.97,-1
0.2,0.23,1.33,-0.59,1.67,0.54,-0.18,0.82,0.88,2.03,0.36,0,Medium,Medium,-0.97,-1
-1.02,0.8,2.52,1.09,1.3,-1.17,0.79,0.47,-1.21,-0.32,-0.99,0,Medium,Medium,-0.97,-1
-0.08,-0.34,0.58,0.86,-0.04,0.11,0.46,0.64,1.01,0.07,-0.06,0,Medium,Medium,0.2,0
0.48,-0.27,-0.16,-0.15,-0.04,-0.25,0.55,-0.14,-0.43,-1.03,-0.32,0,Medium,Medium,-0.97,-1
-0.64,0.66,-0.31,-0.92,0.1,-1.54,-0.11,-0.14,0.1,-0.01,-1.24,0,Low,Medium,-2.15,-2
-0.74,-0.87,-0.38,1.79,-0.27,1.82,0.5,0.34,0.23,-1.34,0.19,0,Medium,Medium,0.2,0
0.85,-0.94,-0.08,-0.71,0.05,1.09,0.44,-0.11,-0.3,-0.25,-0.82,0,Medium,Medium,0.2,0
1.32,-0.07,0.36,2.3,-0.5,1.03,1.36,1.4,-0.95,-1.66,-0.48,0,Medium,Medium,0.2,0
0.11,-0.61,0.36,-0.71,-1.06,-0.56,-0.97,-1.27,-0.62,0.85,1.62,0,Medium,Medium,0.2,0
-0.64,0.06,-0.61,0.3,-0.59,0.42,0.5,0.04,-0.23,1.01,-0.48,0,Medium,Medium,0.2,0
0.76,1.2,0.21,-0.57,-0.13,-1.05,0.35,-0.34,-0.89,-0.09,-0.48,0,Medium,Medium,-0.97,-1
-1.11,-1.07,-0.16,-0.45,-1.01,0.11,0.13,-1.85,1.21,-1.5,2.64,1,High,High,1.38,1
-0.92,-0.21,1.18,-0.85,-0.13,1.21,1.3,-0.57,-0.23,-0.56,-0.91,0,Medium,Medium,-0.97,-1
-1.39,-0.47,-0.38,0.16,-0.96,-1.11,-0.66,-0.72,0.16,-1.11,0.19,0,Medium,Medium,-0.97,-1
-0.92,-0.34,-0.31,0.69,-0.18,0.66,0.85,0.24,-0.1,-0.09,-0.57,0,Medium,Medium,-0.97,-1
-1.11,-1.27,-0.46,-0.12,-1.15,0.24,0.44,-0.32,1.73,-0.09,0.19,0,Medium,Medium,0.2,0
0.67,-0.34,0.21,-0.8,-1.1,0.11,0.04,-1.51,-1.47,-1.11,1.29,0,High,Medium,1.38,1
0.11,2.16,-2.09,-0.75,1.21,-1.41,-1.91,0.56,0.75,-1.03,-0.91,0,Medium,Medium,-0.97,-1
0.76,-0.34,1.33,0.62,-0.32,1.09,1.45,0.39,-1.21,0.22,0.36,0,Medium,Medium,0.2,0
2.07,1.06,0.36,-0.78,1.34,-1.66,-1.87,0.97,0.29,2.03,0.27,0,Medium,Medium,0.2,0
-0.08,-0.27,-0.38,-0.8,-0.36,-1.11,-0.53,-0.72,-0.95,-0.48,-0.06,0,Medium,Medium,0.2,0
-0.55,-0.34,0.21,-0.33,-0.55,-0.07,0.09,-1.14,0.36,-0.32,1.29,1,High,High,1.38,1
-0.08,-0.14,0.58,0.58,0.14,0.72,1.87,0.8,0.95,0.15,-0.23,0,Medium,Medium,-0.97,-1
-0.46,-0.34,-0.23,0.81,0.01,1.52,1.75,0.68,-0.89,0.22,-1.41,0,Medium,Medium,0.2,0
-0.46,0.19,-0.23,0.25,-1.06,-1.11,-0.42,-1.35,-0.23,-1.97,1.88,1,High,High,1.38,1
-0.46,-0.14,-1.8,-0.82,-0.87,1.52,0.52,-0.8,-0.43,-0.79,-0.48,0,Medium,Medium,-0.97,-1
1.04,0.66,-0.16,-0.8,1.34,-0.19,-1.3,0.62,0.16,0.15,-0.23,0,Medium,Medium,-0.97,-1
-0.36,-0.67,0.14,-0.75,-0.73,-0.44,-0.37,-0.65,0.62,-0.95,0.19,0,Medium,Medium,0.2,0
-0.92,0.33,0.81,-0.01,-1.66,0.05,-0.05,-1.52,-0.49,-1.66,1.54,1,High,High,1.38,1
0.01,-0.14,1.18,2,0.19,1.46,1.49,1.25,-0.82,-0.25,-1.08,0,Medium,Medium,-0.97,-1
0.11,0.73,-0.23,-0.38,-0.18,-0.5,-0.07,-0.87,-0.1,-1.19,0.61,0,High,Medium,1.38,1
-1.2,-0.47,-0.16,-0.94,-0.46,0.3,-0.27,-1.38,0.88,-0.32,0.7,0,High,Medium,1.38,1
-0.36,-0.61,0.73,0.86,-0.73,-0.07,0.59,0.32,-0.04,0.77,-0.57,0,Medium,Medium,0.2,0
-1.3,-0.81,0.06,-0.96,-0.64,0.48,0.09,-1.28,0.1,-0.48,0.02,0,Medium,Medium,0.2,0
-0.08,-0.27,1.7,1.32,-0.27,1.76,2.17,0.82,-1.15,0.7,-0.91,0,Medium,Medium,-0.97,-1
0.39,-0.61,-0.16,-0.92,-0.27,0.24,-0.59,-1.47,-1.21,-1.03,0.74,0,Medium,Medium,0.2,0
-2.14,0.06,-2.32,0.34,-1.1,0.17,0.86,-0.14,0.88,0.7,-0.57,0,Medium,Medium,0.2,0
-0.08,-1.14,-0.08,-0.57,-0.41,0.24,-0.48,-1.37,-2.26,-0.4,0.53,0,Medium,Medium,0.2,0
0.39,1.26,-1.13,-0.73,1.53,-1.11,-1.49,0.9,1.01,0.77,-0.91,0,High,Medium,1.38,1
0.29,-0.47,0.88,0.23,-1.38,-0.5,0.17,-0.54,-0.62,0.22,0.78,0,Medium,Medium,0.2,0
0.11,-0.47,0.96,0.48,-1.15,-0.31,0.18,-0.47,-1.34,-1.42,0.44,0,High,Medium,2.56,3
1.13,0.46,0.51,-0.92,-0.64,-0.93,-0.75,-0.32,-1.28,-0.72,-1.16,0,Medium,Medium,-0.97,-1
0.29,-0.81,-0.08,0.72,-0.23,-1.05,-0.04,-0.07,-0.69,-1.34,-0.06,0,Medium,Medium,0.2,0
-0.36,0.26,-0.46,-0.59,-1.1,-0.38,-0.59,-1.22,-0.56,-1.27,0.95,0,Medium,Medium,0.2,0
-0.64,-1.24,1.33,0.09,-0.18,1.46,0.88,0.11,2.19,-0.64,0.19,0,Medium,Medium,0.2,0
0.01,0.6,-0.83,-0.52,-0.64,-0.13,-0.13,-1.66,0.03,-0.4,2.38,1,Medium,High,0.2,0
-1.48,0.13,0.29,-0.92,-0.32,-0.99,0.94,-0.82,0.75,1.24,-0.57,0,Medium,Medium,0.2,0
0.57,0.6,0.51,0.72,0.42,1.15,0.52,0.82,1.14,0.46,0.36,0,Medium,Medium,0.2,0
-0.55,-0.81,0.29,0.16,-0.41,1.03,1.49,-0.14,0.1,-0.17,-0.4,0,Medium,Medium,0.2,0
-1.11,-0.07,-0.83,2.19,-0.09,-0.07,0.52,0.85,0.1,-0.87,-0.23,0,Medium,Medium,0.2,0
-0.46,-0.54,1.48,0.69,-0.23,1.88,1.34,0.62,-0.04,-0.25,-1.16,0,Medium,Medium,-0.97,-1
-0.27,-1.01,-0.23,-0.92,-1.15,0.11,-0.07,-1.22,-0.49,-0.56,0.36,0,High,Medium,1.38,1
-0.74,-0.41,-0.16,1.67,-0.36,1.76,1.47,1.26,-0.56,-0.95,-1.5,0,Medium,Medium,0.2,0
-0.27,-0.81,-0.31,-0.68,-1.01,-0.25,0.42,-1.54,-0.43,0.7,1.71,1,High,High,1.38,1
0.95,-0.87,1.33,1.58,-0.18,0.97,1.76,0.9,-0.89,-0.48,-0.48,0,High,Medium,1.38,1
1.13,-0.47,0.44,-0.85,1.11,-1.35,-1.71,1.11,0.23,1.4,-0.82,0,Medium,Medium,0.2,0
-1.2,-0.27,-1.94,-0.99,-0.64,-1.17,-1.58,-0.68,0.88,-1.34,-1.16,0,Medium,Medium,-0.97,-1
1.6,1.73,-0.98,-0.5,1.71,-1.11,-0.77,1.1,-0.56,0.15,-0.99,0,Medium,Medium,-0.97,-1
-0.74,1.6,-0.23,-0.68,-0.18,-1.05,-1.23,-0.2,1.21,0.62,1.88,0,Medium,Medium,-0.97,-1
-0.36,-0.74,0.58,-0.89,-0.13,-0.25,0.66,-0.3,1.8,-0.4,-0.48,0,Medium,Medium,0.2,0
-0.08,-1.27,1.33,0.2,0.05,-0.5,0.04,0.39,0.88,-1.27,-0.99,0,Medium,Medium,0.2,0
-0.83,0.39,-0.53,-0.05,-0.69,0.91,0.4,-0.92,0.03,-0.72,0.53,0,High,Medium,1.38,1
-0.55,-0.14,-1.28,0.58,-0.36,0.24,0.31,0.43,-0.04,-0.17,-0.91,0,Medium,Medium,-0.97,-1
-0.92,-0.74,-0.01,-0.85,-0.59,0.6,0.24,-0.85,1.47,0.54,0.27,0,Medium,Medium,-0.97,-1
0.95,-0.74,-0.23,0.62,-0.41,1.64,1.1,0.39,-0.69,0.22,-0.48,0,Medium,Medium,-0.97,-1
1.23,1.6,0.96,1.32,-0.04,0.97,1.45,1.36,-0.49,-0.09,-0.15,0,Medium,Medium,-0.97,-1
0.11,-0.47,0.51,-0.82,0.42,-1.11,0.07,-0.85,-0.3,-0.48,-0.15,0,Medium,Medium,-0.97,-1
1.04,-0.01,0.58,-0.59,1.02,-0.07,-1.25,0.35,0.62,2.81,1.54,1,High,High,1.38,1
0.67,-1.01,-0.01,1.67,0.05,0.97,0.44,1.33,-1.08,0.07,-1.41,0,Medium,Medium,0.2,0
-0.08,-0.47,0.21,1.37,-0.64,-0.31,-0.59,0.01,-0.75,-1.42,0.27,0,Medium,Medium,0.2,0
1.04,-0.81,0.06,1.31,0.05,1.4,0.53,1.04,-0.36,-0.32,-0.32,0,Medium,Medium,0.2,0
-0.36,-0.61,-0.08,1.21,0.84,0.85,1.16,0.85,-2.39,-0.48,-1.41,0,Medium,Medium,0.2,0
1.51,-0.21,2.07,-0.78,-0.27,-1.23,-0.84,-0.2,-1.08,0.3,0.19,0,Low,Medium,-2.15,-2
0.67,-0.41,0.21,-0.8,-0.27,-0.19,0.7,-0.57,-1.15,-0.56,-0.06,0,Medium,Medium,0.2,0
0.2,0.39,-0.01,-0.61,1.02,-1.29,-1.28,0.68,1.21,0.15,-0.99,0,Medium,Medium,0.2,0
1.13,1.66,-1.35,-0.5,2.04,-0.99,-0.97,1.47,-0.36,0.77,-1.24,0,Medium,Medium,0.2,0
2.26,0.6,0.73,-0.64,-0.83,-0.5,0.53,0.29,-1.08,-0.01,0.36,0,Medium,Medium,0.2,0
0.29,-0.61,-0.16,1.18,-0.09,-0.56,-0.2,0.68,-0.62,-1.34,-0.91,0,Medium,Medium,-0.97,-1
0.01,-1.14,0.36,-0.89,-0.41,-0.56,-0.48,-0.65,-0.43,-0.79,0.36,0,High,Medium,1.38,1
-0.55,-1.07,0.14,-0.85,-1.1,-0.99,-0.31,-0.54,0.03,0.22,-0.4,0,Medium,Medium,0.2,0
2.54,0.6,1.25,1.12,-0.83,-1.54,-0.11,0.54,-2.33,-1.81,-0.48,-1,Medium,Low,-0.97,-1
1.13,-1.01,-0.08,-0.92,-0.87,-0.62,-1.08,-1.15,-1.34,-0.09,0.36,0,Medium,Medium,0.2,0
-0.18,-1.07,-0.46,-0.8,-0.23,0.24,0.29,-1.04,-0.43,-0.32,0.7,0,Medium,Medium,-0.97,-1
-0.64,-0.74,0.06,0.67,-1.06,0.24,0.15,0.18,1.14,-1.03,-0.32,0,Medium,Medium,-0.97,-1
0.67,0.6,-0.61,0.88,0.1,0.72,1.82,1,-1.34,0.46,-1.16,0,Medium,Medium,0.2,0
0.67,-0.21,0.36,-0.1,-1.29,-0.62,1.51,-0.75,-1.08,1.09,1.12,0,Medium,Medium,0.2,0
-1.48,-0.14,-0.16,-0.47,-1.15,-0.86,-0.26,-1.3,0.03,0.3,0.53,0,Medium,Medium,0.2,0
0.29,-0.27,-0.23,1.21,-0.92,0.78,0.4,0.29,-0.82,-0.4,0.02,0,Medium,Medium,0.2,0
-0.27,2.06,-1.72,1.09,0.47,-0.25,0.48,1.04,0.95,-0.48,-1.41,0,Low,Medium,-2.15,-2
-0.08,-0.81,0.21,0.69,0.24,-0.68,-0.27,0.39,-1.54,0.54,-0.99,0,Medium,Medium,-0.97,-1
0.11,-0.54,-0.9,0.69,-0.36,1.27,1.03,0.75,-0.43,-0.64,-1.16,0,Medium,Medium,-0.97,-1
0.67,1.53,-0.9,-0.71,1.34,-0.8,-0.15,0.68,0.62,0.15,-0.91,0,Medium,Medium,-0.97,-1
-0.46,0.73,0.06,-0.47,1.99,-1.05,-0.75,-1.71,-0.82,0.85,1.88,0,Medium,Medium,0.2,0
-0.46,-0.81,0.58,-0.64,-0.5,0.05,-0.26,-0.75,-0.04,0.46,0.27,0,High,Medium,1.38,1
1.97,-0.74,0.66,-0.61,0.1,-0.74,0.64,0.32,-1.21,-0.48,-1.08,0,Low,Medium,-2.15,-2
0.01,0.33,0.66,-0.66,-0.46,1.46,1.56,-0.91,-1.28,-0.17,0.7,0,Medium,Medium,-0.97,-1
-1.11,-0.61,0.21,-0.71,-0.69,0.6,-0.15,-1.73,-0.23,-0.17,1.46,0,Medium,Medium,0.2,0
0.39,-0.14,0.73,-0.61,0.61,0.24,-1.03,0.22,0.75,2.58,0.7,0,Medium,Medium,0.2,0
-0.64,-0.14,0.51,-0.5,-0.64,-0.68,-0.26,-1.11,-0.36,-1.34,0.36,0,High,Medium,1.38,1
-0.36,-0.81,1.25,2.28,-0.09,0.05,1.45,1.83,-1.8,1.79,-1.5,0,Medium,Medium,0.2,0
-1.67,0.66,-1.5,-0.92,-1.06,-1.48,-1.19,-1.27,1.86,-0.32,0.53,0,Low,Medium,-2.15,-2
-0.74,0.06,-0.23,2.26,-0.23,1.15,1.51,1.22,0.03,-0.48,-0.91,0,Medium,Medium,-0.97,-1
-0.83,-0.81,-0.38,1.88,-0.09,1.76,0.63,1.23,0.55,-0.48,-1.33,0,Medium,Medium,-0.97,-1
-0.64,1.46,-0.38,1.07,-1.15,-0.62,-0.22,-0.68,-0.04,1.64,2.13,1,Medium,High,0.2,0
0.48,0.26,0.21,-0.43,-1.1,0.72,0.85,-1.43,-1.41,-1.5,1.54,1,Medium,High,0.2,0
0.39,0.6,-0.9,0.44,-0.5,1.95,0.63,0.28,0.03,-1.19,-0.48,0,Medium,Medium,0.2,0
2.16,2.36,-0.38,-0.61,1.39,-0.44,0.5,1.25,0.36,0.22,-0.99,0,Medium,Medium,-0.97,-1
0.85,-1.01,0.44,-0.96,-0.13,0.36,-0.13,-1.52,-2.19,-0.64,1.79,0,Medium,Medium,0.2,0
1.23,0.26,0.88,-0.64,0.51,-1.11,-1.78,0.43,-0.36,2.26,0.53,1,High,High,1.38,1
0.29,-1.14,-0.08,-0.85,0.56,0.24,0.92,-1.05,-0.75,-0.79,0.72,0,Medium,Medium,0.2,0
0.39,0.06,-0.23,-0.24,-1.1,0.97,-0.29,-1.69,-0.17,-0.17,2.21,1,High,High,1.38,1
-0.92,-0.41,0.96,0.39,-0.5,1.88,2.09,0.27,-0.69,-0.95,-1.41,0,Medium,Medium,-0.97,-1
-0.92,0.33,-0.83,0.37,-0.87,-0.31,0.39,-0.18,0.49,1.32,-0.15,0,Medium,Medium,0.2,0
2.07,2.16,-0.38,-0.71,2.04,-1.54,-1.49,1.1,0.16,-0.79,-0.82,0,Medium,Medium,-0.97,-1
0.48,0.39,0.06,-0.33,-0.78,-0.5,-0.42,-1.03,-0.95,0.62,1.62,1,High,High,1.38,1
0.01,2,-1.87,-0.71,1.44,-1.35,-1.6,1.52,2.91,1.64,-0.82,0,Medium,Medium,-0.97,-1
-0.74,0.53,0.14,-0.08,-1.33,-0.13,-0.11,-1.18,0.49,-1.11,1.62,1,High,High,1.38,1
0.39,1.86,-0.83,-0.78,1.11,0.36,-1.03,0.23,-0.82,-0.95,-1.08,0,Medium,Medium,-0.97,-1
0.29,-1.01,-0.16,-0.85,-0.46,0.24,-0.27,-0.17,2.06,0.62,-0.06,0,High,Medium,1.38,1
-0.64,-0.61,0.06,2.3,-0.23,1.46,0.85,0.9,0.36,-0.17,-0.32,0,Medium,Medium,0.2,0
-1.2,-0.67,-0.83,-0.71,-0.41,0.54,0.7,-0.73,-0.1,-1.03,-0.32,0,Medium,Medium,0.2,0
0.29,1.33,-0.38,-0.71,2.27,-0.86,-0.81,0.5,-0.49,0.38,-0.99,0,Medium,Medium,-0.97,-1
1.6,-0.41,0.58,-0.71,2.22,-0.62,-1.63,0.42,-0.49,1.32,0.53,0,Medium,Medium,0.2,0
-0.46,0.13,-0.38,-0.54,-0.32,-0.68,0.24,-1.71,0.1,-0.32,2.05,1,High,High,1.38,1
-1.2,-0.54,-0.23,1.42,0.19,0.91,1.08,1.16,1.27,-0.72,-0.91,0,Medium,Medium,-0.97,-1
-0.55,1.2,-0.46,-0.78,-0.18,0.54,1.12,-0.78,0.36,0.38,-0.01,0,Medium,Medium,-0.97,-1
-1.02,-0.61,-0.31,-0.73,-0.18,0.6,0.99,-0.18,2.71,0.15,-0.48,0,High,Medium,1.38,1
-0.74,0.06,-0.01,0.23,-1.47,-0.74,-0.88,-1.61,-0.04,-1.81,2.38,1,High,High,1.38,1
0.67,-0.21,0.44,-0.87,-0.04,-0.86,-0.37,-0.07,0.62,0.77,-0.48,0,Medium,Medium,-0.97,-1
0.48,1,-0.23,1.25,-0.13,1.64,1.64,1.14,0.1,-0.56,-1.08,0,Medium,Medium,-0.97,-1
-0.08,-0.61,0.06,-0.87,-0.69,0.54,0.13,-0.82,-0.36,-0.79,0.53,0,High,Medium,2.56,3
0.85,2.53,-2.32,-0.57,1.3,-1.17,-1.5,1.18,1.4,0.07,-0.91,0,Medium,Medium,-0.97,-1
0.01,-0.14,-1.05,-0.94,-0.46,-0.56,0.52,-0.45,-0.62,-0.95,-0.82,0,Medium,Medium,-0.97,-1
0.01,0.8,-0.53,-0.54,-0.55,-0.38,-0.53,-2.04,-1.87,-1.11,2.38,1,High,High,2.56,3
-0.74,-0.61,-0.16,-0.8,0.01,1.09,1.27,-0.32,-0.1,-0.17,-0.99,0,Medium,Medium,-0.97,-1
-1.48,-1.14,-0.01,-0.89,-1.19,0.05,-0.88,-1.61,0.68,-0.64,0.91,0,Medium,Medium,0.2,0
1.04,2.46,-0.61,-0.71,2.17,-0.99,-0.64,1.07,-0.23,1.4,-0.99,0,Medium,Medium,-0.97,-1
0.76,-0.21,-0.31,0.81,-0.73,-0.62,-0.07,-0.14,-1.74,-0.48,0.95,0,Medium,Medium,0.2,0
-0.46,0.13,-0.9,1.28,0.37,-0.93,-0.62,0.57,-0.62,-1.11,-0.57,0,Low,Medium,-2.15,-2
0.29,-0.87,0.36,-0.89,-0.64,0.85,-0.09,-0.61,0.88,-1.42,-0.57,0,Medium,Medium,0.2,0
-0.74,-0.67,1.33,0.48,-0.09,2.25,1.73,0.29,0.03,-1.42,-0.91,0,Medium,Medium,-0.97,-1
-0.83,-0.47,-0.83,0.69,-0.23,0.3,-0.09,0.05,-0.75,-0.79,-0.15,0,Medium,Medium,0.2,0
-0.74,-0.01,-0.83,0.18,-0.55,-0.38,0.52,-0.02,-0.49,0.85,-0.57,0,Medium,Medium,-0.97,-1
-0.64,-0.54,0.73,0.83,-0.46,1.64,1.05,0.79,-1.47,-0.64,-1.24,0,Medium,Medium,-0.97,-1
-0.83,-0.47,0.44,0.48,-0.23,1.46,1.56,0.33,-0.23,-0.32,-0.91,0,Medium,Medium,0.2,0
-0.64,0.26,-0.46,-0.73,1.02,-0.56,-1.23,1.11,2.26,0.77,-0.65,0,Medium,Medium,0.2,0
-0.27,-0.67,0.06,0.83,-0.27,1.03,0.79,0.08,-0.95,-0.01,-0.06,0,Medium,Medium,0.2,0
-0.64,0.19,-0.75,-0.66,-0.23,-0.25,-1.25,0.83,1.6,1.95,-0.74,0,Medium,Medium,0.2,0
-0.46,-0.94,-0.46,-0.89,0.01,0.24,1.19,-0.28,0.49,-0.79,-0.99,0,High,Medium,1.38,1
0.85,0.19,0.88,1.18,0.05,-0.07,0.55,1.4,1.14,-0.48,-0.91,0,Medium,Medium,0.2,0
-0.36,-1.07,1.4,-0.68,-0.41,-0.19,0.11,-0.72,-0.49,-0.56,-0.23,0,Medium,Medium,0.2,0
-0.83,0.19,0.51,-0.43,-0.96,-0.62,-0.49,-1.7,-1.08,-1.5,1.2,0,High,Medium,1.38,1
-1.2,-1.41,-0.75,-0.87,0.19,0.3,0.09,-1.25,0.62,-1.5,0.7,0,Medium,Medium,0.2,0
-0.18,-0.34,-0.01,0.51,-0.55,1.03,0.96,0.11,0.42,0.38,0.02,0,High,Medium,1.38,1
-1.2,-0.14,-0.01,0.58,0.01,1.52,2.09,0.21,-0.23,-0.48,-0.65,0,Medium,Medium,-0.97,-1
-1.11,-1.07,-0.23,-1.01,-1.15,-1.54,-1.61,-1.59,-0.62,-1.58,0.02,0,Medium,Medium,-0.97,-1
-0.08,-1.21,-0.23,2.26,-0.04,-0.07,0.61,1.3,-1.74,-1.03,-1.33,0,High,Medium,1.38,1
0.11,-0.01,-0.68,-0.12,-0.96,-1.23,-0.79,-1.27,-1.67,-0.01,1.37,0,High,Medium,1.38,1
0.39,0.33,0.14,-0.01,-0.32,-0.01,0.28,-0.04,0.62,-0.64,0.27,0,Medium,Medium,0.2,0
-0.36,1.33,-0.16,-0.17,0.79,-0.62,-0.04,-1.49,-0.04,0.54,2.38,0,Medium,Medium,0.2,0
-0.83,-0.21,0.06,-0.87,0.1,-0.19,1.23,-0.59,0.49,-0.72,-0.4,0,Medium,Medium,-0.97,-1
-1.11,-0.54,-0.46,1.46,0.01,-0.01,0.9,0.97,0.1,-0.64,-0.91,0,Medium,Medium,0.2,0
-0.46,2.63,-0.83,0.65,0.97,-0.07,-0.68,1.22,0.42,0.15,-1.16,0,Medium,Medium,-0.97,-1
-0.55,0.63,0.66,1.88,-0.64,1.76,2.3,1.29,0.03,0.38,-1.33,0,Medium,Medium,-0.97,-1
-1.76,-0.74,1.11,0.27,0.65,0.66,1.3,-0.24,-0.23,-0.79,-0.71,0,Medium,Medium,-0.97,-1
-0.08,0.46,-0.46,-0.75,-0.09,1.27,1.34,-0.92,-1.47,0.22,0.7,0,Medium,Medium,0.2,0
0.01,-0.81,0.29,-0.59,-0.55,0.66,1.29,-1.08,0.62,0.3,1.62,0,Medium,Medium,0.2,0
-1.02,-1.07,0.14,0.23,-0.73,-0.01,-0.09,-0.24,0.62,0.46,-0.37,1,High,High,1.38,1
-0.08,0.19,-1.28,1.53,-0.41,0.3,2.06,1.22,-0.62,-0.09,-1.41,0,Medium,Medium,-0.97,-1
2.91,2.1,0.36,-0.75,0.05,-1.54,-1.87,1.4,-0.36,-0.79,-0.48,0,Medium,Medium,0.2,0
0.85,0.6,-1.05,-0.71,0.97,-1.48,-1.8,1.04,0.42,0.7,-1.16,0,Medium,Medium,0.2,0
-0.46,0.33,-0.16,-0.5,-0.78,-0.93,-0.27,-1.84,-1.21,-1.19,1.62,0,Medium,Medium,0.2,0
-0.83,-0.87,0.14,0.09,-1.1,-0.56,-0.75,-1.5,0.88,-0.87,2.47,1,High,High,1.38,1
-0.74,0.19,-0.83,-0.71,-0.18,1.09,1.38,-0.5,-0.36,-0.09,-0.82,0,Medium,Medium,-0.97,-1
-0.74,-0.47,-0.75,-0.24,-1.01,-0.38,0.17,-1,-1.08,-1.42,0.11,0,Medium,Medium,0.2,0
-1.02,1.66,-0.83,-0.61,1.07,-0.93,-1.21,0.13,2.32,1.17,1.62,0,Medium,Medium,0.2,0
-0.64,-1.41,-0.08,-0.92,-0.96,0.42,-0.4,-1.59,-1.41,0.3,0.95,0,Medium,Medium,0.2,0
2.91,-0.27,1.33,-0.57,0.33,-1.54,-1.89,1.18,-1.15,1.72,-0.06,0,High,Medium,1.38,1
1.41,-0.74,0.36,-0.73,0.56,1.4,-0.72,0.62,1.6,2.73,0.36,0,High,Medium,1.38,1
-0.46,-0.14,0.44,0.27,0.01,-1.05,0.88,0.62,0.1,-1.03,-1.5,0,Low,Medium,-2.15,-2
1.23,-0.27,0.66,-0.78,0.7,-1.35,-1.76,0.62,1.08,0.62,-0.06,0,Medium,Medium,-0.97,-1
-0.55,-0.27,0.06,-0.47,-0.73,0.48,-0.42,-1.33,-0.43,0.54,1.2,1,Medium,High,0.2,0
-1.76,1.8,-1.8,0.46,-0.36,0.17,0.57,0.04,0.68,0.46,-0.74,0,Medium,Medium,-0.97,-1
0.48,-0.74,0.21,1.09,-0.78,-0.25,0.5,0.79,-0.95,-0.25,-0.65,0,Medium,Medium,0.2,0
-0.18,-0.34,-0.08,-0.8,-0.23,0.97,0.29,-0.9,0.82,-1.11,0.44,0,High,Medium,1.38,1
-0.83,2.46,-1.2,0.02,1.11,-1.05,-1.63,0.69,2.06,0.62,1.12,0,Medium,Medium,0.2,0
0.29,-0.87,-0.16,-0.78,-0.23,-0.86,-0.29,-0.67,0.36,-0.56,0.02,0,Medium,Medium,0.2,0
-0.18,1,-0.83,-0.73,1.39,-1.29,-1.71,0.56,1.08,-0.72,-1.29,0,Low,Medium,-2.15,-2
0.76,-0.21,2.74,0.76,-0.09,0.45,2.98,-0.41,-1.41,-0.09,1.46,0,High,Medium,1.38,1
-0.08,-0.54,0.14,-0.68,-1.43,-0.8,-0.73,-1.47,0.23,-0.56,1.46,0,Medium,Medium,0.2,0
-1.3,-0.07,0.51,-0.07,-0.87,-0.44,-0.4,-1.18,1.27,-0.79,1.03,1,High,High,1.38,1
-0.83,-0.61,-0.31,2.75,-0.55,1.09,0.24,0.93,0.03,-1.11,-0.06,0,Medium,Medium,0.2,0
1.6,-1.07,0.51,-0.75,-0.55,0.54,0.59,-0.04,-0.43,1.17,-0.32,0,Medium,Medium,0.2,0
1.6,0.46,0.66,-0.66,1.25,-0.68,-1.17,1.33,1.4,0.93,-1.16,0,Medium,Medium,-0.97,-1
-0.08,0.86,-0.83,2.72,-0.27,1.21,1.25,1.68,-0.95,0.3,-0.99,0,Medium,Medium,-0.97,-1
-0.27,-0.87,-0.46,0.27,0.01,-0.5,-0.18,-0.29,-0.89,0.15,0.19,0,Medium,Medium,-0.97,-1
-1.39,-1.01,-0.01,-0.82,-0.64,-0.86,-0.59,-0.68,0.75,0.46,-0.4,0,Medium,Medium,0.2,0
0.67,-0.54,0.21,2.02,-0.36,2.19,1.25,1.96,-0.04,1.79,-1.41,0,Medium,Medium,-0.97,-1
1.04,-0.21,0.96,1.72,-0.41,1.33,0.7,0.08,-1.21,-1.5,1.2,1,Medium,High,0.2,0
-0.27,-0.74,0.29,2.91,-0.59,0.48,0.68,1.83,0.1,-0.79,-1.33,0,Medium,Medium,0.2,0
-0.27,-0.47,-0.53,0.65,0.01,1.46,1.8,0.64,-0.62,-0.4,-1.41,0,Medium,Medium,-0.97,-1
0.39,0.66,-0.08,-0.66,0.47,-1.48,-1.91,0.23,1.4,1.56,0.78,0,High,Medium,1.38,1
0.57,-0.37,-0.08,-0.94,-0.59,-0.68,-0.75,-0.82,-1.41,0.3,0.11,0,Medium,Medium,-0.97,-1
1.04,1.73,-2.32,-0.59,1.9,-0.68,-1.06,2.11,1.8,1.01,-1.08,0,Medium,Medium,0.2,0
0.29,-1.01,0.81,-0.68,-0.73,0.17,1.3,-0.18,1.14,-0.87,0.02,0,High,Medium,1.38,1
-0.74,-0.81,0.66,-0.78,-0.96,1.09,0.33,-0.93,1.27,-0.25,0.78,0,Medium,Medium,0.2,0
-0.36,-0.94,0.58,-0.94,-0.92,-0.99,-0.83,-1.86,0.55,-1.11,2.05,0,High,Medium,1.38,1
-1.02,-0.94,-0.16,-0.89,-0.27,-0.07,-0.44,-1.42,-0.04,0.07,0.61,0,Medium,Medium,0.2,0
-0.83,0.8,-0.83,-0.8,0.79,-1.66,-1.85,0.54,1.21,0.3,-1.16,0,Medium,Medium,-0.97,-1
-0.08,-1.07,0.81,-0.94,1.07,-0.68,-0.83,-1.17,0.62,0.77,0.7,0,Medium,Medium,0.2,0
0.01,-1.01,0.58,2.21,-0.04,1.09,0.74,1.85,0.82,2.03,-1.24,0,Medium,Medium,-0.97,-1
-0.36,-0.07,0.06,-0.78,-0.96,0.05,-0.04,-1.73,-0.69,-1.34,1.62,0,Medium,Medium,0.2,0
-0.18,-0.07,-1.2,0.72,-0.27,1.27,1.18,0.54,-0.62,-0.56,-1.41,0,Medium,Medium,-0.97,-1
